Training_Year,Source,Target,Score,Verified_Later,Rank
2008,lesion,adenoma hipofisario,20.581863403320312,False,1
2008,lesion,ameijeiras,13.006988525390625,True,2
2008,transesfenoidal,intervenido,11.200407028198242,False,3
2008,cirugia,intervenido,11.053826332092285,False,4
2008,cirugia,quirurgico,10.710530281066895,True,5
2008,tratamiento,selar,10.439925193786621,False,6
2008,tratamiento,region,10.121332168579102,False,7
2008,sintoma,otro,9.703696250915527,False,8
2008,adenoma,region,9.51931381225586,False,9
2008,tumoral,selar,9.453264236450195,True,10
2008,crecimiento,selar,9.297587394714355,False,11
2008,lesion,secretor,9.231246948242188,True,12
2008,tratamiento,tumoral,9.20004653930664,True,13
2008,tratamiento,transcraneal,9.126863479614258,False,14
2008,este,region,9.066682815551758,True,15
2008,lesion,productor,9.043831825256348,False,16
2008,tomografia,cerebral,8.999354362487793,False,17
2008,otro,abordaj,8.993497848510742,True,18
2008,quirurgico,adenoma hipofisario,8.992195129394531,True,19
2008,fistula,selar,8.988759994506836,False,20
2008,complicacion,region,8.954666137695312,False,21
2008,tratamiento,intervenido,8.929993629455566,False,22
2008,tumor,complicacion,8.892708778381348,True,23
2008,otro,abordaje,8.800009727478027,False,24
2008,sintoma,selar,8.757705688476562,False,25
2008,sintoma,tumoral,8.703530311584473,True,26
2008,otro,transcraneal,8.698363304138184,False,27
2008,sintoma,tratamiento,8.694463729858398,False,28
2008,selar,productor,8.672971725463867,False,29
2008,crecimiento,region,8.670526504516602,False,30
2008,tratamiento,abordaj,8.666961669921875,True,31
2008,fistula,tomografia,8.662484169006348,False,32
2008,selar,defecto,8.649612426757812,False,33
2008,complicacion,selar,8.608551979064941,False,34
2008,no secretor,tomografia,8.601130485534668,False,35
2008,adenoma,transcraneal,8.563061714172363,True,36
2008,tumoral,quirurgico,8.544262886047363,True,37
2008,quirurgico,transcraneal,8.426652908325195,False,38
2008,selar,abordaje,8.422036170959473,True,39
2008,cirugia,selar,8.42162799835205,False,40
2008,este,quirurgico,8.404882431030273,True,41
2008,complicacion,adenoma hipofisario,8.380183219909668,False,42
2008,adenoma,abordaj,8.378016471862793,False,43
2008,region,transcraneal,8.334484100341797,False,44
2008,selar,transcraneal,8.325213432312012,False,45
2008,tumor,ameijeiras,8.289411544799805,False,46
2008,sensibilidad,macroadenoma hipofisario,8.280306816101074,False,47
2008,region,abordaje,8.198172569274902,True,48
2008,otro,evaluacion,8.196516036987305,False,49
2008,fistula,sensibilidad,8.176280975341797,False,50
2008,region,fistula,8.176226615905762,False,51
2008,complicacion,transcraneal,8.17064380645752,False,52
2008,cerebral,macroadenoma hipofisario,8.168744087219238,False,53
2008,adenoma hipofisario,transcraneal,8.15619945526123,False,54
2008,region,productor,8.139680862426758,False,55
2008,otro,defecto,8.133861541748047,True,56
2008,secretor,defecto,8.122862815856934,False,57
2008,otro,productor,8.12138557434082,False,58
2008,complicacion,abordaj,8.109901428222656,False,59
2008,sintoma,este,8.100677490234375,True,60
2008,tomografia,destruccion,8.090060234069824,False,61
2008,no secretor,sensibilidad,8.045645713806152,False,62
2008,tumoral,abordaj,7.997156143188477,True,63
2008,secretor,quirurgico,7.976230144500732,False,64
2008,otro,metodo,7.972719192504883,False,65
2008,adenoma,adenoma hipofisario,7.966315269470215,False,66
2008,no secretor,macroadenoma hipofisario,7.955722332000732,False,67
2008,secretor,fistula,7.943624973297119,False,68
2008,secretor,transcraneal,7.917722702026367,True,69
2008,fistula,macroadenoma hipofisario,7.871237754821777,False,70
2008,crecimiento,fistula,7.860644817352295,False,71
2008,tumoral,abordaje,7.855025768280029,False,72
2008,agonista,selar,7.831123352050781,False,73
2008,adenomas,tomografia,7.810945987701416,False,74
2008,secretor,tomografia,7.8035149574279785,False,75
2008,tratamiento,campimetrico,7.803149223327637,False,76
2008,otro,excentrico,7.792211055755615,False,77
2008,secretor,intervenido,7.7748637199401855,False,78
2008,secretor,abordaje,7.7625274658203125,False,79
2008,selar,metodo,7.761113166809082,False,80
2008,crecimiento,tomografia,7.74117374420166,False,81
2008,tumoral,transcraneal,7.740503787994385,True,82
2008,otro,acth,7.7174072265625,False,83
2008,cirugia,nervio,7.7085466384887695,False,84
2008,prolactina,selar,7.684239864349365,True,85
2008,no secretor,destruccion,7.6596784591674805,False,86
2008,selar,dopaminergico,7.656017303466797,False,87
2008,adenomas,otro,7.653576850891113,True,88
2008,complicacion,secretor,7.650754928588867,False,89
2008,cerebral,computadorizado,7.634850025177002,False,90
2008,este,abordaj,7.6249260902404785,True,91
2008,este,abordaje,7.6132636070251465,False,92
2008,cerebral,densidad,7.608949661254883,False,93
2008,selar,campimetrico,7.59909725189209,False,94
2008,quirurgico,ameijeiras,7.5980658531188965,False,95
2008,este,productor,7.579840183258057,False,96
2008,cerebral,estrategia,7.579745769500732,False,97
2008,sintoma,abordaj,7.566166400909424,False,98
2008,selar,estrategia,7.555316925048828,False,99
2008,fistula,cerebral,7.550199031829834,True,100
2008,selar,craneofaringiomas,7.542990684509277,True,101
2008,sensibilidad,computadorizado,7.541068077087402,False,102
2008,destruccion,macroadenoma hipofisario,7.537779808044434,False,103
2008,cirugia,defecto,7.53599739074707,False,104
2008,adenoma,evaluacion,7.533291339874268,True,105
2008,cirugia,tumoral,7.526820659637451,True,106
2008,crecimiento,defecto,7.524233818054199,False,107
2008,tumor,intervenido,7.505944728851318,False,108
2008,otro,invasion,7.495953559875488,False,109
2008,secretor,abordaj,7.494950771331787,False,110
2008,selar,excentrico,7.491820335388184,False,111
2008,otro,menor,7.488833904266357,False,112
2008,otro,sensibilidad,7.474008560180664,False,113
2008,lesion,nervio,7.466516971588135,True,114
2008,selar,menor,7.4596848487854,False,115
2008,fistula,estrategia,7.442357063293457,False,116
2008,crecimiento,macroadenoma hipofisario,7.434588432312012,False,117
2008,macroadenoma,selar,7.428127288818359,False,118
2008,tratamiento,evaluacion,7.410586833953857,True,119
2008,sintoma,abordaje,7.3929338455200195,False,120
2008,sintoma,fistula,7.391382217407227,False,121
2008,productor,defecto,7.388548851013184,False,122
2008,destruccion,cerebral,7.388162612915039,False,123
2008,este,fistula,7.3858747482299805,True,124
2008,crecimiento,quirurgico,7.382158279418945,False,125
2008,tumor,abordaj,7.380303382873535,False,126
2008,productor,transcraneal,7.379924774169922,False,127
2008,secretor,campimetrico,7.3631463050842285,False,128
2008,fistula,no secretor,7.360441207885742,False,129
2008,selar,dano,7.35536003112793,False,130
2008,este,defecto,7.344555854797363,False,131
2008,region,acth,7.342665195465088,False,132
2008,region,metodo,7.336447238922119,True,133
2008,otro,dano,7.326956748962402,False,134
2008,tumoral,evaluacion,7.3210883140563965,True,135
2008,abordaj,transcraneal,7.316947937011719,True,136
2008,tumoral,defecto,7.300107002258301,False,137
2008,tratamiento,tomografia,7.293622970581055,False,138
2008,otro,estructura,7.28375768661499,False,139
2008,tumoral,tomografia,7.283707618713379,True,140
2008,tumor,hermanos,7.280730724334717,False,141
2008,adenomas,sensibilidad,7.279522895812988,False,142
2008,no secretor,computadorizado,7.271175861358643,False,143
2008,adenomas,region,7.270513534545898,True,144
2008,sintoma,transcraneal,7.269283294677734,False,145
2008,ameijeiras,transcraneal,7.264504909515381,False,146
2008,tumoral,productor,7.2564520835876465,False,147
2008,otro,craneofaringiomas,7.2527923583984375,True,148
2008,adenoma,nervio,7.249123573303223,False,149
2008,otro,nervio,7.2409772872924805,False,150
2008,hipofisario,cerebral,7.233771800994873,False,151
2008,complicacion,ameijeiras,7.221176624298096,False,152
2008,quirurgico,intervenido,7.220870018005371,False,153
2008,fistula,destruccion,7.212741374969482,False,154
2008,selar,transeptoesfenoidal,7.212630271911621,False,155
2008,no secretor,estrategia,7.211545467376709,False,156
2008,otro,nivel,7.210264682769775,False,157
2008,selar,evaluacion,7.209293842315674,False,158
2008,selar,signo y,7.192575454711914,False,159
2008,lesion,prolactina,7.190893173217773,True,160
2008,tumoral,macroadenoma hipofisario,7.186264514923096,False,161
2008,selar,cefalorraquideo,7.184876918792725,False,162
2008,crecimiento,complicacion,7.177002906799316,False,163
2008,transeptoesfenoidal,tomografia,7.1690802574157715,False,164
2008,tumoral,metodo,7.161956787109375,False,165
2008,tratamiento,nervio,7.1573896408081055,False,166
2008,region,nervio,7.154577255249023,False,167
2008,prolactina,otro,7.134680271148682,False,168
2008,quirurgico,nervio,7.125898361206055,True,169
2008,acth,tomografia,7.122972011566162,False,170
2008,region,sensibilidad,7.118582725524902,True,171
2008,selar,liquido,7.111981391906738,False,172
2008,tratamiento,excentrico,7.109546184539795,False,173
2008,selar,nivel,7.1075921058654785,True,174
2008,tumor,productor,7.1036057472229,False,175
2008,prolactina,region,7.102426528930664,False,176
2008,selar,ameijeiras,7.095039367675781,False,177
2008,destruccion,sensibilidad,7.0897536277771,False,178
2008,craneofaringiomas,tomografia,7.085489749908447,False,179
2008,agonista,region,7.076850414276123,False,180
2008,region,ameijeiras,7.070706844329834,False,181
2008,crecimiento,abordaj,7.066464424133301,False,182
2008,secretor,sensibilidad,7.065672397613525,False,183
2008,tomografia,alto,7.061860084533691,False,184
2008,fistula,computadorizado,7.061007499694824,False,185
2008,secretor,no secretor,7.046173572540283,False,186
2008,complicacion,defecto,7.0397233963012695,True,187
2008,lesion,defecto,7.039060592651367,False,188
2008,crecimiento,sensibilidad,7.035208225250244,False,189
2008,adenomas,tumoral,7.035157203674316,True,190
2008,tratamiento,comportamiento,7.030121803283691,False,191
2008,complicacion,intervenido,7.024307727813721,False,192
2008,hipofisario,sensibilidad,7.022631645202637,False,193
2008,tratamiento,menor,7.019552707672119,False,194
2008,fistula,acth,7.019057750701904,False,195
2008,crecimiento,no secretor,7.018260955810547,False,196
2008,region,excentrico,7.01713752746582,False,197
2008,otro,comportamiento,7.004069805145264,False,198
2008,region,menor,6.998703479766846,False,199
2008,region,campimetrico,6.996790885925293,False,200
2009,lesion,adenoma hipofisario,24.32352638244629,False,1
2009,lesion,ameijeiras,16.253381729125977,True,2
2009,transesfenoidal,intervenido,14.416772842407227,False,3
2009,cirugia,intervenido,13.978704452514648,False,4
2009,tratamiento,tumoral,13.00375747680664,True,5
2009,tratamiento,region,12.903037071228027,False,6
2009,lesion,productor,12.614933013916016,False,7
2009,otro,productor,12.611696243286133,False,8
2009,sintoma,tratamiento,12.512331008911133,False,9
2009,tratamiento,selar,12.461633682250977,False,10
2009,este,productor,12.222147941589355,False,11
2009,tratamiento,intervenido,12.219748497009277,False,12
2009,tratamiento,campimetrico,12.141820907592773,False,13
2009,lesion,secretor,11.92835521697998,True,14
2009,crecimiento,fistula,11.718193054199219,False,15
2009,prolactina,otro,11.71362018585205,False,16
2009,fistula,productor,11.7111177444458,False,17
2009,tumoral,productor,11.621526718139648,False,18
2009,tratamiento,neurocirugia,11.515880584716797,True,19
2009,crecimiento,metodo,11.500448226928711,False,20
2009,secretor,metodo,11.480476379394531,False,21
2009,tratamiento,abordaj,11.448667526245117,True,22
2009,region,productor,11.44371223449707,False,23
2009,secretor,abordaje,11.438164710998535,False,24
2009,crecimiento,transeptoesfenoidal,11.4291353225708,False,25
2009,secretor,fistula,11.400100708007812,False,26
2009,cirugia,quirurgico,11.377132415771484,True,27
2009,otro,abordaje,11.152984619140625,False,28
2009,sintoma,productor,11.15034008026123,False,29
2009,productor,defecto,11.14753246307373,False,30
2009,otro,metodo,11.13744831085205,False,31
2009,tratamiento,cefalorraquideo,11.128776550292969,False,32
2009,selar,productor,11.104354858398438,False,33
2009,prolactina,fistula,11.074277877807617,False,34
2009,tratamiento,nivel,11.047286987304688,False,35
2009,tratamiento,liquido,10.99964714050293,False,36
2009,agonista,fistula,10.932313919067383,False,37
2009,tumor,ameijeiras,10.863515853881836,False,38
2009,agonista,transeptoesfenoidal,10.830050468444824,False,39
2009,crecimiento,region,10.813800811767578,False,40
2009,productor,campimetrico,10.797459602355957,False,41
2009,secretor,defecto,10.763687133789062,False,42
2009,complicacion,secretor,10.707075119018555,False,43
2009,sintoma,otro,10.678878784179688,False,44
2009,este,abordaje,10.674848556518555,False,45
2009,este,fistula,10.672274589538574,True,46
2009,crecimiento,selar,10.641022682189941,False,47
2009,otro,transeptoesfenoidal,10.618830680847168,False,48
2009,este,metodo,10.610740661621094,True,49
2009,agonista,metodo,10.598578453063965,False,50
2009,prolactina,region,10.59062385559082,False,51
2009,complicacion,adenoma hipofisario,10.572457313537598,False,52
2009,otro,ameijeiras,10.55107593536377,False,53
2009,complicacion,ameijeiras,10.500460624694824,False,54
2009,fistula,transeptoesfenoidal,10.471111297607422,False,55
2009,secretor,campimetrico,10.469562530517578,False,56
2009,tratamiento,tomografia,10.456485748291016,False,57
2009,fistula,abordaje,10.446287155151367,False,58
2009,productor,neurocirugia,10.419400215148926,False,59
2009,agonista,abordaje,10.412546157836914,False,60
2009,tumor,productor,10.377609252929688,False,61
2009,lesion,prolactina,10.371131896972656,True,62
2009,este,ameijeiras,10.361544609069824,False,63
2009,crecimiento,ameijeiras,10.351072311401367,False,64
2009,crecimiento,defecto,10.349851608276367,False,65
2009,este,transeptoesfenoidal,10.343708992004395,False,66
2009,este,region,10.334174156188965,True,67
2009,secretor,intervenido,10.304289817810059,False,68
2009,tumoral,metodo,10.285572052001953,False,69
2009,prolactina,selar,10.278141021728516,True,70
2009,quirurgico,adenoma hipofisario,10.277006149291992,True,71
2009,tumoral,abordaje,10.251617431640625,False,72
2009,fistula,dopaminergico,10.242230415344238,False,73
2009,otro,defecto,10.197258949279785,True,74
2009,sintoma,este,10.195158958435059,True,75
2009,crecimiento,campimetrico,10.167508125305176,False,76
2009,transeptoesfenoidal,dopaminergico,10.10192584991455,False,77
2009,crecimiento,neurocirugia,10.096683502197266,False,78
2009,prolactina,defecto,10.089658737182617,False,79
2009,crecimiento,cefalorraquideo,10.06537914276123,False,80
2009,nivel,productor,10.043737411499023,False,81
2009,productor,cefalorraquideo,10.036933898925781,False,82
2009,fistula,selar,10.03257942199707,False,83
2009,sintoma,metodo,10.027975082397461,False,84
2009,tratamiento,evaluacion,10.005558013916016,True,85
2009,este,dopaminergico,9.992494583129883,False,86
2009,tratamiento,computadorizado,9.980783462524414,False,87
2009,region,fistula,9.978559494018555,False,88
2009,productor,abordaj,9.97503662109375,False,89
2009,region,metodo,9.961541175842285,True,90
2009,region,abordaje,9.960400581359863,True,91
2009,sintoma,fistula,9.957540512084961,False,92
2009,adenoma,region,9.949994087219238,False,93
2009,region,agonista,9.911124229431152,False,94
2009,sintoma,agonista,9.904189109802246,False,95
2009,productor,liquido,9.901456832885742,False,96
2009,crecimiento,liquido,9.872312545776367,False,97
2009,dopaminergico,metodo,9.869312286376953,False,98
2009,prolactina,campimetrico,9.86303424835205,False,99
2009,crecimiento,criterio,9.858173370361328,False,100
2009,abordaje,ameijeiras,9.846151351928711,False,101
2009,crecimiento,complicacion,9.842719078063965,False,102
2009,agonista,selar,9.82036018371582,False,103
2009,crecimiento,tomografia,9.815319061279297,False,104
2009,tumoral,transeptoesfenoidal,9.80695915222168,False,105
2009,este,defecto,9.791254997253418,False,106
2009,quirurgico,ameijeiras,9.790486335754395,False,107
2009,secretor,cefalorraquideo,9.790281295776367,False,108
2009,abordaje,dopaminergico,9.785168647766113,False,109
2009,otro,campimetrico,9.784886360168457,False,110
2009,sintoma,tumoral,9.781319618225098,True,111
2009,secretor,nivel,9.77322006225586,False,112
2009,selar,abordaje,9.764171600341797,True,113
2009,sintoma,abordaje,9.763705253601074,False,114
2009,region,ameijeiras,9.753410339355469,False,115
2009,cirugia,tumoral,9.748467445373535,True,116
2009,selar,metodo,9.735000610351562,False,117
2009,tumoral,selar,9.724742889404297,True,118
2009,cirugia,defecto,9.712689399719238,False,119
2009,secretor,quirurgico,9.706402778625488,False,120
2009,sintoma,transeptoesfenoidal,9.69518756866455,False,121
2009,adenoma,adenoma hipofisario,9.689338684082031,False,122
2009,secretor,abordaj,9.660253524780273,False,123
2009,otro,neurocirugia,9.654208183288574,False,124
2009,secretor,liquido,9.647974967956543,False,125
2009,tumoral,ameijeiras,9.640960693359375,True,126
2009,prolactina,cefalorraquideo,9.6384916305542,False,127
2009,otro,nivel,9.634370803833008,False,128
2009,tratamiento,visual,9.621564865112305,False,129
2009,secretor,criterio,9.61987018585205,False,130
2009,productor,tomografia,9.618082046508789,False,131
2009,region,transeptoesfenoidal,9.58273696899414,False,132
2009,tratamiento,menor,9.56067943572998,False,133
2009,tumoral,dopaminergico,9.559050559997559,False,134
2009,metodo,ameijeiras,9.551848411560059,False,135
2009,agonista,nivel,9.551737785339355,False,136
2009,abordaje,defecto,9.547750473022461,False,137
2009,fistula,nivel,9.539474487304688,False,138
2009,agonista,defecto,9.530244827270508,False,139
2009,secretor,microquirurgico,9.491928100585938,False,140
2009,defecto,ameijeiras,9.490826606750488,False,141
2009,este,campimetrico,9.488204956054688,False,142
2009,tratamiento,sensibilidad,9.481273651123047,False,143
2009,prolactina,liquido,9.473648071289062,False,144
2009,otro,abordaj,9.471035957336426,True,145
2009,fistula,tomografia,9.451408386230469,False,146
2009,agonista,campimetrico,9.44862174987793,False,147
2009,agonista,tomografia,9.410679817199707,False,148
2009,metodo,cefalorraquideo,9.402105331420898,False,149
2009,selar,transeptoesfenoidal,9.387133598327637,False,150
2009,neurocirugia,metodo,9.373259544372559,False,151
2009,agonista,cefalorraquideo,9.36001205444336,False,152
2009,crecimiento,microquirurgico,9.318887710571289,False,153
2009,tumor,hermanos,9.309314727783203,False,154
2009,tumoral,defecto,9.305788040161133,False,155
2009,agonista,neurocirugia,9.303646087646484,False,156
2009,tumor,intervenido,9.298473358154297,False,157
2009,region,dopaminergico,9.297828674316406,False,158
2009,agonista,criterio,9.288195610046387,False,159
2009,secretor,tomografia,9.28545093536377,False,160
2009,fistula,neurocirugia,9.273661613464355,False,161
2009,abordaje,campimetrico,9.271951675415039,False,162
2009,nivel,transeptoesfenoidal,9.257978439331055,False,163
2009,sintoma,dopaminergico,9.245255470275879,False,164
2009,complicacion,region,9.245238304138184,False,165
2009,nivel,metodo,9.228645324707031,False,166
2009,selar,dopaminergico,9.225447654724121,False,167
2009,tratamiento,macroadenomas,9.214973449707031,True,168
2009,metodo,liquido,9.212461471557617,False,169
2009,tumor,complicacion,9.187516212463379,True,170
2009,prolactina,abordaj,9.183993339538574,False,171
2009,otro,criterio,9.181814193725586,False,172
2009,campimetrico,metodo,9.168051719665527,False,173
2009,tratamiento,comportamiento,9.167967796325684,False,174
2009,agonista,liquido,9.164779663085938,False,175
2009,crecimiento,abordaj,9.164639472961426,False,176
2009,sintoma,ameijeiras,9.150483131408691,False,177
2009,ameijeiras,abordaj,9.146888732910156,True,178
2009,sintoma,selar,9.144258499145508,False,179
2009,transeptoesfenoidal,tomografia,9.136768341064453,False,180
2009,otro,microquirurgico,9.130802154541016,False,181
2009,prolactina,tomografia,9.130495071411133,False,182
2009,transeptoesfenoidal,defecto,9.128021240234375,False,183
2009,selar,defecto,9.127876281738281,False,184
2009,tumor,prolactina,9.116059303283691,True,185
2009,campimetrico,ameijeiras,9.100162506103516,False,186
2009,selar,ameijeiras,9.095534324645996,False,187
2009,transeptoesfenoidal,cefalorraquideo,9.089372634887695,False,188
2009,cirugia,selar,9.089037895202637,True,189
2009,crecimiento,computadorizado,9.084866523742676,False,190
2009,transeptoesfenoidal,campimetrico,9.07297134399414,False,191
2009,adenoma,campimetrico,9.05240249633789,False,192
2009,productor,computadorizado,9.049339294433594,False,193
2009,crecimiento,sensibilidad,9.045696258544922,False,194
2009,dopaminergico,defecto,9.027246475219727,False,195
2009,complicacion,intervenido,9.02464771270752,False,196
2009,fistula,sensibilidad,9.015457153320312,False,197
2009,cirugia,campimetrico,9.014278411865234,False,198
2009,agonista,ameijeiras,9.002392768859863,False,199
2009,este,abordaj,8.996978759765625,True,200
2010,total,hematoma,7.47391939163208,False,1
2010,total,insipido,6.8436455726623535,True,2
2010,lesion,adenoma hipofisario,6.678793430328369,False,3
2010,cerebral,insipido,6.278278827667236,False,4
2010,hematoma,aracnoidocel,6.277595520019531,False,5
2010,no secretor,insipido,6.198275089263916,False,6
2010,total,no secretor,6.194955348968506,False,7
2010,tratamiento,hematoma,6.120063781738281,False,8
2010,aracnoidocel,insipido,6.074459075927734,False,9
2010,total,septal,6.05474853515625,False,10
2010,insipido,posquirurgico,6.014786720275879,False,11
2010,total,perforacion,5.979561805725098,False,12
2010,insipido,recidiva,5.918071746826172,False,13
2010,hematoma,dano,5.885792255401611,False,14
2010,endoscopico,hematoma,5.8062238693237305,False,15
2010,insipido,resto,5.723536968231201,False,16
2010,insipido,dano,5.707306385040283,False,17
2010,total,recidiva,5.575580596923828,False,18
2010,hipofisario,hematoma,5.575569152832031,False,19
2010,total,cefalorraquideo,5.564619064331055,False,20
2010,total,posquirurgico,5.54194974899292,False,21
2010,cerebral,septal,5.524389266967773,False,22
2010,hematoma,transeptoesfenoidal,5.496428966522217,False,23
2010,total,resto,5.4877190589904785,False,24
2010,cerebral,perforacion,5.401605129241943,False,25
2010,total,hipofisario,5.399775505065918,False,26
2010,secretor,hematoma,5.388706207275391,False,27
2010,tratamiento,cefalorraquideo,5.377880573272705,False,28
2010,no secretor,septal,5.37579345703125,False,29
2010,medico,hematoma,5.354114532470703,False,30
2010,total,liquido,5.331541061401367,False,31
2010,tratamiento,selar,5.321362495422363,False,32
2010,acth,hematoma,5.2736968994140625,False,33
2010,no secretor,perforacion,5.273519515991211,False,34
2010,tratamiento,liquido,5.265912055969238,False,35
2010,hematoma,tomografia,5.247945785522461,False,36
2010,endoscopico,insipido,5.237978935241699,False,37
2010,aracnoidocel,septal,5.218471050262451,False,38
2010,septal,posquirurgico,5.212018013000488,False,39
2010,total,transeptoesfenoidal,5.205556392669678,False,40
2010,septal,recidiva,5.196885108947754,False,41
2010,secretor,no secretor,5.190722465515137,False,42
2010,tratamiento,region,5.186786651611328,False,43
2010,aracnoidocel,perforacion,5.161023139953613,False,44
2010,hematoma,destruccion,5.157257556915283,False,45
2010,hematoma,elevado,5.132452487945557,False,46
2010,perforacion,posquirurgico,5.12056827545166,False,47
2010,perforacion,recidiva,5.118463516235352,False,48
2010,tratamiento,cerebral,5.087710857391357,True,49
2010,adenomas,hematoma,5.080989360809326,False,50
2010,total,craneo,5.068064212799072,True,51
2010,septal,resto,5.048661708831787,False,52
2010,hematoma,signo,5.036977767944336,False,53
2010,no secretor,destruccion,5.032434463500977,False,54
2010,tratamiento,sintoma,5.022544860839844,False,55
2010,tratamiento,insipido,4.998257637023926,False,56
2010,medico,no secretor,4.996902942657471,False,57
2010,tratamiento,recidiva,4.996595859527588,True,58
2010,prolactina,otro,4.979049205780029,False,59
2010,perforacion,resto,4.977888107299805,False,60
2010,abordaje,hematoma,4.977345943450928,False,61
2010,tratamiento,resto,4.968250274658203,True,62
2010,no secretor,aracnoidocel,4.962587356567383,False,63
2010,total,tomografia,4.95372200012207,True,64
2010,transeptoesfenoidal,insipido,4.952215194702148,False,65
2010,secretor,cefalorraquideo,4.9333977699279785,False,66
2010,tratamiento,septal,4.920022010803223,False,67
2010,total,isquemia,4.895364761352539,False,68
2010,tratamiento,posquirurgico,4.892645835876465,False,69
2010,hematoma,nervio,4.8881964683532715,False,70
2010,hematoma,estrategia,4.885080814361572,False,71
2010,prolactina,hematoma,4.881165981292725,False,72
2010,tumoral,abordaje,4.864707946777344,False,73
2010,no secretor,transeptoesfenoidal,4.863621234893799,False,74
2010,tratamiento,perforacion,4.860593795776367,False,75
2010,reseccion,hematoma,4.84505033493042,False,76
2010,hematoma,cordoma,4.842258930206299,False,77
2010,hematoma,cefalea,4.838422775268555,False,78
2010,cefalea,insipido,4.830164909362793,False,79
2010,secretor,liquido,4.8230462074279785,False,80
2010,adenomas,otro,4.818662166595459,True,81
2010,destruccion,insipido,4.810151100158691,False,82
2010,hematoma,erosion,4.8055009841918945,False,83
2010,endoscopico,septal,4.798659324645996,False,84
2010,secretor,endoscopico,4.784725189208984,False,85
2010,crecimiento,hematoma,4.782182693481445,False,86
2010,endoscopico,no secretor,4.773343086242676,False,87
2010,fistula,hematoma,4.765018939971924,False,88
2010,endoscopico,perforacion,4.737926006317139,False,89
2010,septal,cefalorraquideo,4.732079029083252,True,90
2010,hematoma,metodo,4.719520568847656,False,91
2010,otro,acth,4.708339214324951,False,92
2010,total,morbimortalidad,4.705780982971191,False,93
2010,elevado,no secretor,4.696928977966309,False,94
2010,sintoma,hematoma,4.695789337158203,False,95
2010,cefalorraquideo,perforacion,4.679116249084473,False,96
2010,total,craneofaringiomas,4.67798376083374,True,97
2010,secretor,cerebral,4.671019554138184,False,98
2010,no secretor,tomografia,4.66956901550293,False,99
2010,craneofaringiomas,hematoma,4.663819313049316,False,100
2010,cerebral,destruccion,4.652780055999756,False,101
2010,medico,insipido,4.647672653198242,False,102
2010,este,region,4.642020225524902,True,103
2010,total,hidrocefalia,4.64103364944458,True,104
2010,total,signo,4.639934539794922,False,105
2010,elevado,insipido,4.627787113189697,False,106
2010,hipofisario,insipido,4.626772403717041,False,107
2010,tratamiento,dano,4.622605800628662,False,108
2010,hormonal,hematoma,4.620693206787109,False,109
2010,tratamiento,signo,4.617103576660156,False,110
2010,secretor,abordaje,4.616489410400391,False,111
2010,otro,abordaje,4.615225315093994,False,112
2010,tratamiento,craneofaringiomas,4.6024580001831055,False,113
2010,tratamiento,tomografia,4.601414203643799,False,114
2010,otro,evaluacion,4.594712257385254,False,115
2010,cerebral,dano,4.588357448577881,True,116
2010,tratamiento,visual,4.584874629974365,False,117
2010,otro,nervio,4.583725929260254,False,118
2010,sintoma,total,4.5807695388793945,False,119
2010,sintoma,tumoral,4.579020023345947,True,120
2010,otro,hormonal,4.573459148406982,False,121
2010,cordoma,insipido,4.564538478851318,False,122
2010,aracnoidocel,recidiva,4.559150218963623,False,123
2010,tratamiento,craneo,4.558422565460205,True,124
2010,total,abordaje,4.550068378448486,True,125
2010,total,dano,4.5495381355285645,False,126
2010,acth,cefalorraquideo,4.547204971313477,False,127
2010,hidrocefalia,insipido,4.54088830947876,True,128
2010,aracnoidocel,posquirurgico,4.537759780883789,False,129
2010,tratamiento,reseccion,4.537701606750488,True,130
2010,medico,cerebral,4.530282497406006,False,131
2010,total,estrategia,4.524150848388672,False,132
2010,total,metodo,4.523553371429443,False,133
2010,hematoma,transeptal,4.517513751983643,False,134
2010,tratamiento,destruccion,4.510260581970215,False,135
2010,nivel,hematoma,4.509788513183594,False,136
2010,no secretor,transcraneales,4.509558200836182,False,137
2010,trastorno,hematoma,4.505080223083496,False,138
2010,prolactina,cefalorraquideo,4.494095802307129,False,139
2010,total,erosion,4.490444183349609,False,140
2010,acth,insipido,4.486281394958496,False,141
2010,endoscopico,cefalorraquideo,4.4787397384643555,True,142
2010,tomografia,insipido,4.478399276733398,False,143
2010,hipofisario,recidiva,4.471665382385254,False,144
2010,tratamiento,nivel,4.468181610107422,False,145
2010,total,hormonal,4.464966773986816,False,146
2010,aracnoidocel,resto,4.462376117706299,False,147
2010,crecimiento,no secretor,4.458125591278076,False,148
2010,tumoral,hipofisario,4.454323768615723,False,149
2010,secretor,recidiva,4.452042102813721,False,150
2010,agonista,hematoma,4.450131416320801,False,151
2010,hipofisario,posquirurgico,4.442985534667969,False,152
2010,septal,liquido,4.442628860473633,True,153
2010,cerebral,estrategia,4.440345287322998,False,154
2010,adenomas,cefalorraquideo,4.433237075805664,False,155
2010,insipido,erosion,4.430737495422363,False,156
2010,secretor,resto,4.428792476654053,False,157
2010,prolactina,region,4.421278953552246,False,158
2010,acth,liquido,4.419024467468262,False,159
2010,secretor,fistula,4.415596008300781,False,160
2010,hematoma,computadorizado,4.41276741027832,False,161
2010,cerebral,aracnoidocel,4.412594795227051,False,162
2010,hipofisario,resto,4.4111762046813965,False,163
2010,tratamiento,estrategia,4.4076361656188965,False,164
2010,aracnoidocel,cefalorraquideo,4.407247066497803,False,165
2010,prolactina,endoscopico,4.405430316925049,False,166
2010,endoscopico,recidiva,4.402150630950928,False,167
2010,sintoma,otro,4.4021315574646,False,168
2010,prolactina,liquido,4.397999286651611,False,169
2010,liquido,perforacion,4.396988391876221,False,170
2010,secretor,posquirurgico,4.396035671234131,False,171
2010,acth,cerebral,4.39063024520874,False,172
2010,hematoma,sensibilidad,4.389040470123291,False,173
2010,transeptoesfenoidal,posquirurgico,4.38746976852417,False,174
2010,acth,medico,4.387031555175781,False,175
2010,craneo,no secretor,4.386832237243652,False,176
2010,selar,hematoma,4.381986618041992,True,177
2010,hipofisario,cefalorraquideo,4.378546714782715,False,178
2010,no secretor,dano,4.3778300285339355,False,179
2010,transeptoesfenoidal,septal,4.3759541511535645,False,180
2010,total,tanto,4.371269226074219,False,181
2010,hematoma,radioterapia,4.369524955749512,False,182
2010,no secretor,tanto,4.368902206420898,False,183
2010,total,agonista,4.36686897277832,False,184
2010,tratamiento,hidrocefalia,4.3561506271362305,True,185
2010,medico,cefalorraquideo,4.352640151977539,False,186
2010,macroadenomas,hematoma,4.348540306091309,False,187
2010,endoscopico,resto,4.3439106941223145,False,188
2010,fistula,cerebral,4.341000556945801,True,189
2010,este,abordaje,4.336795330047607,False,190
2010,elevado,cerebral,4.334433078765869,False,191
2010,secretor,insipido,4.332612037658691,False,192
2010,no secretor,cefalea,4.329794883728027,False,193
2010,transeptoesfenoidal,tomografia,4.327669143676758,False,194
2010,adenomas,liquido,4.325786113739014,False,195
2010,hematoma,tanto,4.3245038986206055,False,196
2010,tratamiento,computadorizado,4.318765640258789,False,197
2010,medico,posquirurgico,4.318354606628418,False,198
2010,tumoral,endoscopico,4.316658020019531,True,199
2010,hematoma,region selar,4.31590461730957,False,200
2012,lesion,adenoma hipofisario,35.81816482543945,False,1
2012,tumor,ameijeiras,22.370973587036133,False,2
2012,cirugia,intervenido,21.790271759033203,False,3
2012,quirurgico,ameijeiras,21.497150421142578,False,4
2012,adenoma,adenoma hipofisario,20.265907287597656,False,5
2012,complicacion,adenoma hipofisario,19.32642364501953,False,6
2012,quirurgico,tumoral,19.308269500732422,True,7
2012,otro,adenoma hipofisario,18.89662742614746,False,8
2012,tumor,intervenido,18.806140899658203,False,9
2012,transesfenoidal,intervenido,18.79408073425293,False,10
2012,tumor,complicacion,18.689220428466797,True,11
2012,cirugia,campimetrico,18.134124755859375,False,12
2012,quirurgico,intervenido,18.092756271362305,False,13
2012,cirugia,defecto,17.9990291595459,False,14
2012,tumoral,adenoma hipofisario,17.786975860595703,False,15
2012,quirurgico,secretor,17.55771827697754,False,16
2012,tumor,productor,16.888545989990234,False,17
2012,este,ameijeiras,16.653156280517578,False,18
2012,quirurgico,campimetrico,16.47658348083496,False,19
2012,otro,ameijeiras,16.263383865356445,False,20
2012,lesion,productor,16.242115020751953,False,21
2012,tumor,defecto,16.199798583984375,False,22
2012,cirugia,selar,16.08516502380371,True,23
2012,prolactina,otro,16.01180648803711,False,24
2012,cirugia,todo,15.85087776184082,True,25
2012,tumor,metodo,15.54771614074707,False,26
2012,tumoral,ameijeiras,15.287626266479492,True,27
2012,lesion,defecto,15.135465621948242,True,28
2012,adenoma hipofisario,morbilidad,15.040842056274414,False,29
2012,complicacion,ameijeiras,14.87050724029541,False,30
2012,lesion,campimetrico,14.737293243408203,False,31
2012,tumor,abordaj,14.472237586975098,False,32
2012,quirurgico,todo,14.3441162109375,False,33
2012,quirurgico,visual,14.337681770324707,False,34
2012,tumor,morbilidad,14.296528816223145,True,35
2012,endoscopico,otro,14.24535083770752,True,36
2012,este,productor,14.220220565795898,False,37
2012,lesion,morbilidad,14.205865859985352,True,38
2012,quirurgico,morbilidad,14.0032377243042,False,39
2012,endoscopico,prolactina,13.964868545532227,False,40
2012,otro,metodo,13.93288803100586,False,41
2012,este,sintoma,13.932336807250977,True,42
2012,sintoma,otro,13.911744117736816,False,43
2012,adenoma hipofisario,abordaj,13.903668403625488,False,44
2012,cirugia,hormonal,13.854811668395996,False,45
2012,region,adenoma hipofisario,13.773995399475098,False,46
2012,este,intervenido,13.735884666442871,False,47
2012,macroadenoma,adenoma hipofisario,13.708231925964355,False,48
2012,endoscopico,ameijeiras,13.653971672058105,True,49
2012,adenoma hipofisario,todo,13.630884170532227,False,50
2012,tratamiento,sintoma,13.619035720825195,False,51
2012,otro,intervenido,13.607324600219727,False,52
2012,tratamiento,intervenido,13.581147193908691,False,53
2012,adenoma,region,13.57386589050293,False,54
2012,otro,productor,13.547741889953613,False,55
2012,region,tratamiento,13.532541275024414,False,56
2012,visual,adenoma hipofisario,13.526636123657227,False,57
2012,quirurgico,crecimiento,13.513341903686523,False,58
2012,adenomas,quirurgico,13.376649856567383,False,59
2012,campimetrico,ameijeiras,13.328218460083008,False,60
2012,metodo,ameijeiras,13.297568321228027,False,61
2012,region,prolactina,13.29383373260498,False,62
2012,este,campimetrico,13.240180969238281,False,63
2012,este,defecto,13.223390579223633,False,64
2012,defecto,ameijeiras,13.128128051757812,False,65
2012,otro,evaluacion,13.083598136901855,False,66
2012,endoscopico,secretor,13.083230972290039,False,67
2012,tumoral,sintoma,13.07369613647461,True,68
2012,lesion,macroadenoma,13.071610450744629,True,69
2012,abordaje,otro,13.030661582946777,False,70
2012,este,abordaje,12.971552848815918,False,71
2012,tumoral,metodo,12.924421310424805,False,72
2012,tumoral,productor,12.866989135742188,False,73
2012,este,hormonal,12.846001625061035,False,74
2012,tumoral,intervenido,12.706401824951172,False,75
2012,este,visual,12.683234214782715,False,76
2012,otro,visual,12.672451972961426,False,77
2012,selar,adenoma hipofisario,12.66920280456543,False,78
2012,otro,abordaj,12.665877342224121,True,79
2012,complicacion,intervenido,12.660000801086426,False,80
2012,otro,hormonal,12.641939163208008,False,81
2012,secretor,intervenido,12.632993698120117,False,82
2012,region,ameijeiras,12.59813117980957,False,83
2012,abordaje,adenoma hipofisario,12.590659141540527,False,84
2012,este,evaluacion,12.585626602172852,True,85
2012,otro,campimetrico,12.47314453125,False,86
2012,quirurgico,microquirurgico,12.451894760131836,True,87
2012,tratamiento,campimetrico,12.440457344055176,False,88
2012,prolactina,campimetrico,12.430356979370117,False,89
2012,adenomas,adenoma hipofisario,12.388206481933594,False,90
2012,adenoma,campimetrico,12.353670120239258,False,91
2012,otro,exeresis,12.344518661499023,False,92
2012,adenoma,abordaj,12.291491508483887,False,93
2012,crecimiento,adenoma hipofisario,12.27941608428955,False,94
2012,secretor,metodo,12.26392936706543,False,95
2012,este,abordaj,12.245620727539062,True,96
2012,tratamiento,selar,12.237274169921875,False,97
2012,tratamiento,visual,12.210905075073242,False,98
2012,tumoral,defecto,12.184172630310059,True,99
2012,secretor,complicacion,12.127129554748535,False,100
2012,prolactina,defecto,12.101707458496094,False,101
2012,macroadenoma,ameijeiras,12.09271240234375,False,102
2012,tumoral,abordaje,12.028600692749023,True,103
2012,endoscopico,productor,11.999011993408203,False,104
2012,tumoral,campimetrico,11.978293418884277,False,105
2012,otro,todo,11.936413764953613,False,106
2012,este,todo,11.908080101013184,False,107
2012,tumoral,visual,11.825723648071289,False,108
2012,visual,ameijeiras,11.825708389282227,False,109
2012,adenoma,todo,11.82458209991455,False,110
2012,endoscopico,sintoma,11.800941467285156,False,111
2012,secretor,campimetrico,11.77519702911377,False,112
2012,morbilidad,ameijeiras,11.724651336669922,False,113
2012,sintoma,ameijeiras,11.688870429992676,False,114
2012,este,exeresis,11.66507339477539,False,115
2012,abordaj,ameijeiras,11.623247146606445,True,116
2012,quirurgico,acth,11.619502067565918,False,117
2012,tumoral,abordaj,11.592920303344727,True,118
2012,otro,morbilidad,11.557430267333984,False,119
2012,abordaje,ameijeiras,11.534390449523926,False,120
2012,selar,ameijeiras,11.478307723999023,False,121
2012,endoscopico,complicacion,11.445493698120117,True,122
2012,secretor,defecto,11.435811996459961,False,123
2012,tratamiento,abordaj,11.41840648651123,True,124
2012,region,complicacion,11.400267601013184,False,125
2012,productor,campimetrico,11.398216247558594,False,126
2012,endoscopico,intervenido,11.376408576965332,False,127
2012,cirugia,dopaminergico,11.369364738464355,False,128
2012,complicacion,macroadenoma,11.32661247253418,False,129
2012,ameijeiras,todo,11.315605163574219,False,130
2012,endoscopico,hormonal,11.264436721801758,False,131
2012,crecimiento,ameijeiras,11.253764152526855,False,132
2012,region,productor,11.235390663146973,False,133
2012,region,metodo,11.207697868347168,True,134
2012,sintoma,metodo,11.196133613586426,False,135
2012,endoscopico,macroadenoma,11.132706642150879,False,136
2012,prolactina,abordaj,11.129873275756836,False,137
2012,tumoral,todo,11.12411117553711,True,138
2012,adenoma hipofisario,microquirurgico,11.122587203979492,False,139
2012,secretor,visual,11.107686042785645,False,140
2012,endoscopico,campimetrico,11.076374053955078,False,141
2012,abordaje,secretor,11.067893028259277,False,142
2012,complicacion,defecto,11.06721305847168,True,143
2012,tratamiento,todo,11.053520202636719,False,144
2012,sintoma,productor,11.050973892211914,False,145
2012,otro,acth,11.048033714294434,False,146
2012,endoscopico,selar,11.036316871643066,True,147
2012,otro,microquirurgico,11.02239990234375,False,148
2012,cirugia,meningioma,11.01712417602539,True,149
2012,metodo,intervenido,11.014533042907715,False,150
2012,cirugia,estructura,11.00074577331543,False,151
2012,productor,defecto,10.977594375610352,False,152
2012,campimetrico,intervenido,10.89989948272705,False,153
2012,prolactina,todo,10.899421691894531,False,154
2012,defecto,intervenido,10.87287712097168,False,155
2012,complicacion,abordaj,10.805963516235352,False,156
2012,tratamiento,morbilidad,10.802947998046875,True,157
2012,cirugia,agonista,10.791336059570312,False,158
2012,endoscopico,defecto,10.750139236450195,True,159
2012,tumoral,morbilidad,10.736194610595703,True,160
2012,endoscopico,visual,10.725975036621094,False,161
2012,region,campimetrico,10.621967315673828,False,162
2012,hormonal,ameijeiras,10.597127914428711,False,163
2012,region,abordaje,10.562137603759766,True,164
2012,macroadenoma,metodo,10.556160926818848,False,165
2012,cirugia,disfuncion,10.545623779296875,False,166
2012,sintoma,selar,10.520419120788574,False,167
2012,hormonal,productor,10.48405647277832,False,168
2012,lesion,microquirurgico,10.432305335998535,False,169
2012,complicacion,selar,10.414728164672852,False,170
2012,complicacion,campimetrico,10.407750129699707,False,171
2012,sintoma,abordaje,10.378190994262695,False,172
2012,secretor,abordaj,10.368084907531738,False,173
2012,cirugia,nervio,10.360721588134766,False,174
2012,quirurgico,meningioma,10.35397720336914,True,175
2012,macroadenoma,selar,10.353560447692871,False,176
2012,endoscopico,crecimiento,10.342305183410645,False,177
2012,metodo,campimetrico,10.30449104309082,False,178
2012,hormonal,metodo,10.294488906860352,False,179
2012,complicacion,morbilidad,10.25141716003418,True,180
2012,endoscopico,evaluacion,10.250715255737305,False,181
2012,adenoma hipofisario,estructura,10.246837615966797,False,182
2012,visual,productor,10.245269775390625,False,183
2012,prolactina,morbilidad,10.24132251739502,False,184
2012,evaluacion,adenoma hipofisario,10.235681533813477,False,185
2012,secretor,todo,10.221468925476074,False,186
2012,region,visual,10.220271110534668,False,187
2012,tumoral,microquirurgico,10.216073036193848,False,188
2012,sintoma,exeresis,10.212057113647461,False,189
2012,selar,productor,10.20668888092041,False,190
2012,tumor,estructura,10.197062492370605,True,191
2012,evaluacion,ameijeiras,10.148294448852539,False,192
2012,endoscopico,acth,10.118403434753418,False,193
2012,este,dopaminergico,10.109783172607422,False,194
2012,cirugia,transnasal,10.109146118164062,False,195
2012,selar,metodo,10.106172561645508,False,196
2012,otro,neurocirugia,10.103873252868652,False,197
2012,region,crecimiento,10.098435401916504,False,198
2012,macroadenoma,defecto,10.072510719299316,False,199
2012,visual,metodo,10.046468734741211,False,200
2013,lesion,adenoma hipofisario,39.5738639831543,False,1
2013,transesfenoidal,intervenido,25.186975479125977,False,2
2013,cirugia,intervenido,24.729143142700195,False,3
2013,lesion,productor,22.784324645996094,False,4
2013,tratamiento,intervenido,20.28449821472168,False,5
2013,secretor,intervenido,19.72187042236328,False,6
2013,prolactina,otro,19.691787719726562,False,7
2013,endoscopico,secretor,19.496376037597656,False,8
2013,secretor,metodo,19.49090576171875,False,9
2013,endoscopico,prolactina,19.438520431518555,False,10
2013,abordaje,secretor,19.082340240478516,False,11
2013,tratamiento,reseccion,18.7156982421875,True,12
2013,region,tratamiento,18.584436416625977,True,13
2013,quirurgico,secretor,18.3203067779541,False,14
2013,complicacion,adenoma hipofisario,18.028690338134766,False,15
2013,tratamiento,visual,17.9337215423584,False,16
2013,reseccion,secretor,17.863006591796875,False,17
2013,reseccion,prolactina,17.77540397644043,False,18
2013,region,prolactina,17.743745803833008,False,19
2013,tratamiento,sintoma,17.70703125,False,20
2013,este,productor,17.64667320251465,False,21
2013,tratamiento,selar,17.583324432373047,True,22
2013,adenoma,adenoma hipofisario,17.53084373474121,False,23
2013,secretor,complicacion,17.26363182067871,False,24
2013,secretor,visual,17.117460250854492,False,25
2013,cirugia,defecto,17.11629295349121,False,26
2013,tumor,intervenido,17.074180603027344,False,27
2013,otro,productor,17.02501106262207,False,28
2013,total,abordaje,16.912662506103516,True,29
2013,tratamiento,craneo,16.672876358032227,True,30
2013,quirurgico,intervenido,16.655139923095703,False,31
2013,tratamiento,craneofaringiomas,16.65199851989746,False,32
2013,endoscopico,productor,16.605520248413086,False,33
2013,secretor,defecto,16.604740142822266,False,34
2013,tumor,productor,16.567089080810547,False,35
2013,otro,adenoma hipofisario,16.550155639648438,False,36
2013,prolactina,defecto,16.537105560302734,False,37
2013,este,abordaje,16.534019470214844,False,38
2013,endoscopico,otro,16.50907325744629,True,39
2013,acth,otro,16.445079803466797,False,40
2013,otro,metodo,16.426355361938477,False,41
2013,abordaje,otro,16.396900177001953,False,42
2013,abordaje,acth,16.33763313293457,False,43
2013,endoscopico,acth,16.333969116210938,False,44
2013,total,metodo,16.317310333251953,False,45
2013,cirugia,campimetrico,16.20403480529785,False,46
2013,secretor,fistula,16.153539657592773,False,47
2013,acth,metodo,16.085147857666016,False,48
2013,tumoral,productor,16.065353393554688,False,49
2013,lesion,defecto,16.048791885375977,True,50
2013,prolactina,fistula,16.01792335510254,False,51
2013,reseccion,acth,15.963522911071777,False,52
2013,cirugia,selar,15.895373344421387,True,53
2013,este,intervenido,15.857014656066895,False,54
2013,prolactina,craneo,15.83699893951416,False,55
2013,tratamiento,campimetrico,15.692188262939453,False,56
2013,total,productor,15.622797966003418,False,57
2013,tumoral,metodo,15.562063217163086,False,58
2013,endoscopico,crecimiento,15.512177467346191,False,59
2013,tumoral,abordaje,15.506999969482422,True,60
2013,lesion,campimetrico,15.469371795654297,True,61
2013,crecimiento,metodo,15.44648551940918,False,62
2013,tumoral,adenoma hipofisario,15.38235092163086,False,63
2013,secretor,microquirurgico,15.37936782836914,False,64
2013,reseccion,metodo,15.341455459594727,False,65
2013,reseccion,otro,15.303227424621582,True,66
2013,region,productor,15.2825927734375,False,67
2013,total,craneo,15.274772644042969,True,68
2013,metodo,intervenido,15.264334678649902,False,69
2013,otro,intervenido,15.262621879577637,False,70
2013,endoscopico,intervenido,15.1285982131958,False,71
2013,region,total,15.075109481811523,False,72
2013,tratamiento,"endonasal 
  endoscopico",15.062297821044922,False,73
2013,tratamiento,hidrocefalia,15.058792114257812,True,74
2013,total,sintoma,14.974202156066895,False,75
2013,tratamiento,neurocirugia,14.958456993103027,True,76
2013,tratamiento,meningioma,14.938444137573242,True,77
2013,secretor,campimetrico,14.918688774108887,False,78
2013,prolactina,campimetrico,14.90315055847168,False,79
2013,region,acth,14.895576477050781,False,80
2013,este,visual,14.884307861328125,False,81
2013,total,visual,14.878575325012207,False,82
2013,region,metodo,14.828323364257812,True,83
2013,region,abordaje,14.826007843017578,True,84
2013,complicacion,intervenido,14.794454574584961,False,85
2013,visual,productor,14.792886734008789,False,86
2013,lesion,morbilidad,14.778904914855957,True,87
2013,visual,otro,14.760419845581055,False,88
2013,endoscopico,visual,14.745388984680176,True,89
2013,reseccion,productor,14.730432510375977,False,90
2013,este,sintoma,14.704927444458008,True,91
2013,endoscopico,sintoma,14.704874038696289,False,92
2013,tumor,complicacion,14.649900436401367,True,93
2013,quirurgico,tumoral,14.618422508239746,True,94
2013,sintoma,otro,14.575400352478027,False,95
2013,productor,defecto,14.527201652526855,False,96
2013,tratamiento,enfermedad,14.52325439453125,False,97
2013,visual,acth,14.501976013183594,False,98
2013,abordaje,visual,14.475763320922852,False,99
2013,secretor,"endonasal 
  endoscopico",14.437575340270996,False,100
2013,sintoma,abordaje,14.421571731567383,False,101
2013,prolactina,"endonasal 
  endoscopico",14.37832260131836,False,102
2013,visual,metodo,14.373417854309082,False,103
2013,selar,productor,14.372926712036133,False,104
2013,tratamiento,destruccion,14.363473892211914,False,105
2013,sintoma,productor,14.362428665161133,False,106
2013,tumor,metodo,14.359469413757324,False,107
2013,sintoma,acth,14.35909652709961,False,108
2013,sintoma,metodo,14.356151580810547,False,109
2013,secretor,hidrocefalia,14.345105171203613,False,110
2013,tumoral,intervenido,14.325425148010254,False,111
2013,endoscopico,selar,14.320026397705078,True,112
2013,prolactina,hidrocefalia,14.294563293457031,False,113
2013,este,defecto,14.284249305725098,False,114
2013,tratamiento,morbilidad,14.255996704101562,True,115
2013,region,crecimiento,14.252409934997559,False,116
2013,abordaje,intervenido,14.217269897460938,False,117
2013,reseccion,sintoma,14.214204788208008,False,118
2013,region,adenoma hipofisario,14.16734790802002,False,119
2013,tratamiento,nivel,14.14396858215332,False,120
2013,abordaje,adenoma hipofisario,14.143571853637695,False,121
2013,acth,intervenido,14.1427640914917,False,122
2013,total,hematoma,14.11202621459961,False,123
2013,adenomas,metodo,14.059276580810547,False,124
2013,endoscopico,complicacion,14.047255516052246,True,125
2013,adenomas,adenoma hipofisario,14.010855674743652,False,126
2013,tratamiento,hematoma,14.010034561157227,False,127
2013,acth,fistula,13.993967056274414,False,128
2013,crecimiento,adenoma hipofisario,13.980657577514648,False,129
2013,selar,metodo,13.961172103881836,True,130
2013,quirurgico,acth,13.95589542388916,False,131
2013,tumoral,visual,13.944890975952148,True,132
2013,abordaje,selar,13.927600860595703,True,133
2013,este,fistula,13.909902572631836,True,134
2013,reseccion,visual,13.897478103637695,True,135
2013,prolactina,enfermedad,13.891144752502441,False,136
2013,total,hidrocefalia,13.885004043579102,True,137
2013,tratamiento,cushing,13.8745756149292,False,138
2013,acth,adenoma hipofisario,13.873725891113281,False,139
2013,adenoma hipofisario,morbilidad,13.862824440002441,False,140
2013,tumoral,sintoma,13.836606979370117,True,141
2013,pituitary,tratamiento,13.82101821899414,False,142
2013,tratamiento,sensibilidad,13.820337295532227,False,143
2013,reseccion,elevado,13.800102233886719,False,144
2013,tratamiento,estrategia,13.790766716003418,False,145
2013,crecimiento,visual,13.782350540161133,False,146
2013,crecimiento,intervenido,13.77702808380127,False,147
2013,abordaje,craneofaringiomas,13.77051830291748,True,148
2013,total,"endonasal 
  endoscopico",13.750685691833496,False,149
2013,reseccion,fistula,13.750181198120117,True,150
2013,adenoma,region,13.735526084899902,False,151
2013,abordaje,fistula,13.726770401000977,True,152
2013,reseccion,medico,13.698113441467285,False,153
2013,prolactina,morbilidad,13.677577018737793,False,154
2013,complicacion,acth,13.664873123168945,False,155
2013,quirurgico,crecimiento,13.652227401733398,False,156
2013,secretor,morbilidad,13.647100448608398,False,157
2013,endoscopico,exeresis,13.634211540222168,True,158
2013,visual,adenoma hipofisario,13.631287574768066,False,159
2013,este,craneofaringiomas,13.623268127441406,False,160
2013,fistula,productor,13.622566223144531,False,161
2013,craneo,metodo,13.584395408630371,True,162
2013,este,macroadenomas,13.575719833374023,False,163
2013,total,hormonal,13.563804626464844,False,164
2013,acth,exeresis,13.544685363769531,False,165
2013,endoscopico,craneofaringiomas,13.540002822875977,True,166
2013,secretor,nivel,13.536581039428711,False,167
2013,abordaje,exeresis,13.528223037719727,True,168
2013,prolactina,destruccion,13.520318984985352,False,169
2013,otro,exeresis,13.51797866821289,False,170
2013,lesion,macroadenoma,13.502641677856445,True,171
2013,tratamiento,liquido,13.502108573913574,False,172
2013,endoscopico,elevado,13.496185302734375,False,173
2013,este,exeresis,13.471649169921875,False,174
2013,crecimiento,selar,13.47160816192627,True,175
2013,total,estrategia,13.464532852172852,False,176
2013,acth,medico,13.456296920776367,False,177
2013,cirugia,hormonal,13.448948860168457,False,178
2013,abordaje,elevado,13.447274208068848,False,179
2013,macroadenomas,productor,13.42751693725586,False,180
2013,total,sensibilidad,13.423322677612305,False,181
2013,crecimiento,fistula,13.353484153747559,False,182
2013,prolactina,cushing,13.350040435791016,False,183
2013,endoscopico,defecto,13.348033905029297,True,184
2013,craneofaringiomas,metodo,13.344877243041992,False,185
2013,otro,macroadenomas,13.329387664794922,False,186
2013,tratamiento,tanto,13.320575714111328,False,187
2013,tratamiento,convencional,13.30202579498291,False,188
2013,tratamiento,cefalorraquideo,13.296606063842773,False,189
2013,craneo,productor,13.291474342346191,False,190
2013,pituitary,prolactina,13.280860900878906,False,191
2013,tratamiento,clinico,13.280412673950195,False,192
2013,secretor,hematoma,13.275749206542969,False,193
2013,abordaje,macroadenomas,13.268031120300293,False,194
2013,total,microquirurgico,13.26588249206543,True,195
2013,crecimiento,complicacion,13.25964641571045,False,196
2013,este,evaluacion,13.25953483581543,True,197
2013,exeresis,metodo,13.258997917175293,False,198
2013,productor,campimetrico,13.25422477722168,False,199
2013,adenomas,reseccion,13.243253707885742,False,200
2014,lesion,adenoma hipofisario,22.09481430053711,False,1
2014,lesion,productor,12.493008613586426,False,2
2014,quirurgico,secretor,12.262561798095703,False,3
2014,endoscopico,prolactina,12.191932678222656,False,4
2014,prolactina,otro,11.870197296142578,False,5
2014,endoscopico,secretor,11.84798526763916,False,6
2014,total,productor,11.323781967163086,False,7
2014,este,productor,11.271078109741211,False,8
2014,abordaje,secretor,11.263311386108398,False,9
2014,region,prolactina,11.20164680480957,False,10
2014,total,neurocirugia,11.174844741821289,False,11
2014,cirugia,defecto,11.173165321350098,False,12
2014,tratamiento,craneofaringiomas,11.1641845703125,False,13
2014,tumor,productor,11.138101577758789,False,14
2014,prolactina,endonasal endoscopico,11.115704536437988,False,15
2014,secretor,metodo,11.111077308654785,False,16
2014,reseccion,prolactina,10.996088027954102,False,17
2014,tratamiento,selar,10.979849815368652,True,18
2014,region,tratamiento,10.977384567260742,True,19
2014,endoscopico,acth,10.967288970947266,False,20
2014,tratamiento,sintoma,10.921131134033203,False,21
2014,cirugia,selar,10.905143737792969,True,22
2014,tratamiento,visual,10.856090545654297,False,23
2014,prolactina,morbilidad,10.813569068908691,False,24
2014,endoscopico,productor,10.809134483337402,False,25
2014,acth,neurocirugia,10.767020225524902,False,26
2014,adenoma hipofisario,endonasal endoscopico,10.75529670715332,False,27
2014,abordaje,acth,10.753121376037598,False,28
2014,adenoma,adenoma hipofisario,10.728592872619629,False,29
2014,secretor,endonasal endoscopico,10.72595500946045,False,30
2014,secretor,visual,10.655179977416992,False,31
2014,reseccion,secretor,10.633224487304688,False,32
2014,tratamiento,morbilidad,10.619683265686035,True,33
2014,otro,productor,10.558126449584961,False,34
2014,reseccion,acth,10.533379554748535,False,35
2014,secretor,morbilidad,10.480697631835938,False,36
2014,otro,acth,10.395050048828125,False,37
2014,tumoral,productor,10.338095664978027,False,38
2014,total,visual,10.274009704589844,False,39
2014,total,metodo,10.233474731445312,False,40
2014,complicacion,adenoma hipofisario,10.210538864135742,False,41
2014,prolactina,defecto,10.206320762634277,False,42
2014,productor,endonasal endoscopico,10.1741304397583,False,43
2014,este,abordaje,10.158355712890625,False,44
2014,total,sintoma,10.151955604553223,False,45
2014,region,total,10.145934104919434,False,46
2014,prolactina,abordaj,10.10937213897705,False,47
2014,prolactina,diseccion,10.087890625,False,48
2014,endoscopico,crecimiento,10.070581436157227,True,49
2014,quirurgico,acth,10.030713081359863,False,50
2014,reseccion,neurocirugia,10.02376937866211,True,51
2014,endonasal,prolactina,10.017948150634766,False,52
2014,secretor,defecto,10.013025283813477,False,53
2014,endoscopico,macroadenoma,10.012922286987305,False,54
2014,acth,metodo,9.998395919799805,False,55
2014,este,sintoma,9.994503021240234,True,56
2014,neurocirugia,productor,9.954352378845215,False,57
2014,transesfenoidal,endonasal endoscopico,9.953634262084961,False,58
2014,total,craneo,9.946081161499023,True,59
2014,abordaje,neurocirugia,9.937532424926758,False,60
2014,otro,neurocirugia,9.910409927368164,False,61
2014,visual,acth,9.904715538024902,False,62
2014,tratamiento,diseccion,9.891769409179688,False,63
2014,craneo,prolactina,9.891154289245605,False,64
2014,region,productor,9.889603614807129,False,65
2014,region,acth,9.856023788452148,False,66
2014,secretor,diseccion,9.851278305053711,False,67
2014,sintoma,acth,9.85004997253418,False,68
2014,cirugia,hormonal,9.836404800415039,False,69
2014,abordaje,otro,9.81431770324707,False,70
2014,quirurgico,morbilidad,9.796144485473633,False,71
2014,tratamiento,abordaj,9.791348457336426,True,72
2014,complicacion,secretor,9.791105270385742,False,73
2014,tumoral,neurocirugia,9.790454864501953,True,74
2014,selar,productor,9.783899307250977,False,75
2014,visual,productor,9.779426574707031,False,76
2014,secretor,abordaj,9.766602516174316,False,77
2014,prolactina,enfermedad,9.746842384338379,False,78
2014,crecimiento,neurocirugia,9.727537155151367,False,79
2014,macroadenoma,adenoma hipofisario,9.710511207580566,False,80
2014,sintoma,productor,9.699145317077637,False,81
2014,acth,diseccion,9.680113792419434,False,82
2014,tumoral,abordaje,9.677870750427246,True,83
2014,este,visual,9.669915199279785,False,84
2014,endonasal,secretor,9.64780330657959,False,85
2014,tratamiento,endonasal,9.628488540649414,True,86
2014,reseccion,productor,9.626298904418945,False,87
2014,sintoma,otro,9.624905586242676,False,88
2014,endoscopico,visual,9.585384368896484,True,89
2014,endoscopico,selar,9.579371452331543,True,90
2014,tratamiento,enfermedad,9.568136215209961,False,91
2014,endoscopico,sintoma,9.564962387084961,False,92
2014,morbilidad,adenoma hipofisario,9.558710098266602,False,93
2014,este,craneofaringiomas,9.554821968078613,False,94
2014,quirurgico,crecimiento,9.51060962677002,True,95
2014,prolactina,axial,9.502581596374512,False,96
2014,adenoma,region,9.488973617553711,False,97
2014,total,dopaminergico,9.482961654663086,False,98
2014,total,agonista,9.477023124694824,False,99
2014,abordaje,macroadenoma,9.476948738098145,True,100
2014,total,morbilidad,9.458686828613281,False,101
2014,prolactina,"endonasal 
  endoscopico",9.454075813293457,False,102
2014,otro,metodo,9.448897361755371,False,103
2014,total,hormonal,9.4415922164917,False,104
2014,total,previo,9.441108703613281,False,105
2014,acth,exeresis,9.437543869018555,False,106
2014,acth,medico,9.434152603149414,False,107
2014,prolactina,tuberculo,9.419224739074707,False,108
2014,tumoral,sintoma,9.417847633361816,True,109
2014,secretor,microquirurgico,9.415740013122559,False,110
2014,tratamiento,axial,9.39387321472168,False,111
2014,total,enfermedad,9.37926197052002,False,112
2014,total,"endonasal 
  endoscopico",9.348089218139648,False,113
2014,fistula,prolactina,9.338584899902344,False,114
2014,acth,tuberculo,9.32174301147461,False,115
2014,reseccion,otro,9.298795700073242,True,116
2014,acth,"endonasal 
  endoscopico",9.297187805175781,False,117
2014,macroadenoma,selar,9.296148300170898,False,118
2014,otro,visual,9.288599014282227,False,119
2014,prolactina,previo,9.287405014038086,False,120
2014,total,endonasal endoscopico,9.280119895935059,True,121
2014,tumor,metodo,9.27649974822998,False,122
2014,quirurgico,visual,9.25819206237793,False,123
2014,este,exeresis,9.254744529724121,False,124
2014,macroadenoma,metodo,9.250822067260742,False,125
2014,total,abordaj,9.247129440307617,True,126
2014,secretor,axial,9.246638298034668,False,127
2014,selar,neurocirugia,9.245522499084473,False,128
2014,acth,agonista,9.23542594909668,False,129
2014,sintoma,abordaje,9.224573135375977,False,130
2014,acth,endonasal endoscopico,9.223339080810547,False,131
2014,crecimiento,selar,9.220473289489746,True,132
2014,region,neurocirugia,9.219675064086914,False,133
2014,prolactina,tecnica,9.218534469604492,False,134
2014,crecimiento,metodo,9.216538429260254,False,135
2014,acth,dopaminergico,9.214564323425293,False,136
2014,tumoral,metodo,9.213942527770996,False,137
2014,neurocirugia,metodo,9.20113468170166,False,138
2014,abordaje,visual,9.19291877746582,False,139
2014,prolactina,silla,9.189926147460938,False,140
2014,neurocirugia,exeresis,9.188085556030273,False,141
2014,fistula,secretor,9.14630126953125,False,142
2014,otro,morbilidad,9.142867088317871,False,143
2014,quirurgico,craneofaringiomas,9.141021728515625,False,144
2014,acth,hormonal,9.13405704498291,False,145
2014,total,axial,9.130963325500488,False,146
2014,este,defecto,9.130464553833008,False,147
2014,abordaje,selar,9.129756927490234,True,148
2014,tratamiento,nivel,9.129048347473145,False,149
2014,region,crecimiento,9.12278938293457,False,150
2014,region,abordaje,9.121085166931152,True,151
2014,total,nivel,9.111715316772461,False,152
2014,tumoral,visual,9.111458778381348,True,153
2014,prolactina,cerebral,9.106156349182129,False,154
2014,tratamiento,tuberculo,9.103086471557617,False,155
2014,tumor,complicacion,9.099346160888672,True,156
2014,este,macroadenomas,9.098223686218262,False,157
2014,productor,abordaj,9.098102569580078,False,158
2014,este,endonasal endoscopico,9.092484474182129,True,159
2014,neurocirugia,microadenomas,9.085731506347656,False,160
2014,productor,defecto,9.0833740234375,False,161
2014,este,hormonal,9.080655097961426,False,162
2014,macroadenomas,productor,9.078886985778809,False,163
2014,acth,cerebral,9.076156616210938,False,164
2014,endoscopico,exeresis,9.066932678222656,True,165
2014,reseccion,sintoma,9.066312789916992,False,166
2014,prolactina,cushing,9.050930976867676,False,167
2014,cirugia,dopaminergico,9.04750919342041,False,168
2014,tratamiento,"endonasal 
  endoscopico",9.046422958374023,False,169
2014,otro,exeresis,9.043025016784668,False,170
2014,endoscopico,morbilidad,9.038926124572754,False,171
2014,craneofaringiomas,macroadenoma,9.038613319396973,False,172
2014,secretor,tuberculo,9.034503936767578,False,173
2014,acth,abordaj,9.028458595275879,False,174
2014,secretor,"endonasal 
  endoscopico",9.02744197845459,False,175
2014,secretor,nivel,9.024299621582031,False,176
2014,surgery,microadenoma,9.016571044921875,False,177
2014,macroadenoma,morbilidad,9.016154289245605,False,178
2014,lesion,defecto,9.003279685974121,True,179
2014,neurocirugia,elevado,8.989934921264648,False,180
2014,prolactina,craneofaringioma,8.986546516418457,False,181
2014,crecimiento,visual,8.980047225952148,False,182
2014,reseccion,macroadenoma,8.973200798034668,False,183
2014,endonasal,productor,8.965280532836914,False,184
2014,secretor,cerebral,8.958712577819824,False,185
2014,prolactina,comportamiento,8.95805549621582,False,186
2014,adenoma,endonasal endoscopico,8.955604553222656,False,187
2014,neurocirugia,hormonal,8.949607849121094,False,188
2014,prolactina,esfenoidal,8.947005271911621,False,189
2014,neurocirugia,medico,8.935567855834961,False,190
2014,otro,adenoma hipofisario,8.929179191589355,False,191
2014,tratamiento,tecnica,8.927915573120117,True,192
2014,tratamiento,cerebral,8.924312591552734,True,193
2014,exeresis,productor,8.916877746582031,False,194
2014,total,defecto,8.907674789428711,False,195
2014,hormonal,productor,8.898384094238281,False,196
2014,endoscopico,microadenomas,8.89437198638916,False,197
2014,tratamiento,cushing,8.89303207397461,False,198
2014,endonasal,acth,8.88068675994873,False,199
2014,reseccion,microadenomas,8.87682819366455,False,200
2016,lesion,adenoma hipofisario,45.6877555847168,True,1
2016,lesion,productor,19.40873146057129,False,2
2016,adenoma,adenoma hipofisario,18.961685180664062,False,3
2016,morbilidad,adenoma hipofisario,18.117385864257812,False,4
2016,complicacion,adenoma hipofisario,17.713022232055664,False,5
2016,macroadenoma,adenoma hipofisario,17.04350471496582,False,6
2016,otro,adenoma hipofisario,16.61212921142578,False,7
2016,adenoma hipofisario,transcraneal,16.311912536621094,False,8
2016,tumoral,adenoma hipofisario,15.515974044799805,False,9
2016,lesion,defecto,14.946786880493164,True,10
2016,craneofaringiomas,adenoma hipofisario,14.800304412841797,True,11
2016,craneofaringiomas,transesfenoidal,14.751668930053711,False,12
2016,tumor,complicacion,13.628262519836426,True,13
2016,cirugia,defecto,13.62203311920166,False,14
2016,adenoma hipofisario,abordaj,13.24185562133789,False,15
2016,adenoma hipofisario,todo,13.085161209106445,False,16
2016,quirurgico,morbilidad,13.074172019958496,False,17
2016,region,adenoma hipofisario,13.032060623168945,False,18
2016,endonasal endoscopico,adenoma hipofisario,12.939352035522461,False,19
2016,transesfenoidal,endonasal endoscopico,12.797796249389648,False,20
2016,tumor,productor,12.782200813293457,False,21
2016,cirugia,todo,12.692706108093262,True,22
2016,quirurgico,secretor,12.661946296691895,False,23
2016,visual,adenoma hipofisario,12.603459358215332,False,24
2016,selar,adenoma hipofisario,12.123309135437012,False,25
2016,cirugia,selar,12.010580062866211,True,26
2016,quirurgico,transcraneal,11.811477661132812,True,27
2016,crecimiento,adenoma hipofisario,11.796202659606934,False,28
2016,adenomas,adenoma hipofisario,11.645310401916504,False,29
2016,lesion,transnasal,11.023148536682129,False,30
2016,tumor,defecto,10.961305618286133,False,31
2016,tumor,metodo,10.942495346069336,True,32
2016,endoscopio,adenoma hipofisario,10.713314056396484,False,33
2016,total,adenoma hipofisario,10.664051055908203,False,34
2016,transnasal,adenoma hipofisario,10.548151969909668,False,35
2016,lesion,microquirurgico,10.479659080505371,True,36
2016,cirugia,endoscopio,10.358524322509766,False,37
2016,adenoma hipofisario,estructura,10.326908111572266,False,38
2016,acth,adenoma hipofisario,10.155172348022461,False,39
2016,adenoma hipofisario,microquirurgico,10.052945137023926,False,40
2016,otro,morbilidad,10.051182746887207,False,41
2016,abordaje,adenoma hipofisario,10.045122146606445,False,42
2016,tumor,abordaj,9.963358879089355,True,43
2016,lesion,nervio,9.841758728027344,True,44
2016,quirurgico,todo,9.8391695022583,False,45
2016,tratamiento,morbilidad,9.832792282104492,True,46
2016,prolactina,morbilidad,9.804569244384766,False,47
2016,prolactina,otro,9.786320686340332,False,48
2016,complicacion,secretor,9.758594512939453,False,49
2016,complicacion,morbilidad,9.755956649780273,True,50
2016,macroadenoma,morbilidad,9.728805541992188,False,51
2016,cirugia,estructura,9.71296501159668,False,52
2016,secretor,morbilidad,9.690008163452148,False,53
2016,complicacion,macroadenoma,9.643231391906738,False,54
2016,cirugia,transnasal,9.597702026367188,False,55
2016,este,productor,9.479241371154785,False,56
2016,quirurgico,visual,9.385209083557129,False,57
2016,adenoma hipofisario,clinico,9.324138641357422,False,58
2016,sintoma,transesfenoidal,9.249624252319336,False,59
2016,adenoma hipofisario,nervio,9.2257661819458,False,60
2016,prolactina,transcraneal,9.197376251220703,False,61
2016,quirurgico,craneofaringiomas,9.19274616241455,False,62
2016,tratamiento,transcraneal,9.12732219696045,False,63
2016,otro,transcraneal,9.11726188659668,False,64
2016,otro,productor,9.028350830078125,False,65
2016,endonasal,adenoma hipofisario,8.996109962463379,False,66
2016,morbilidad,transcraneal,8.992413520812988,False,67
2016,adenomas,quirurgico,8.968158721923828,False,68
2016,tratamiento,craneofaringiomas,8.93547248840332,False,69
2016,transesfenoidal,clinico,8.934039115905762,False,70
2016,cirugia,nervio,8.897878646850586,False,71
2016,complicacion,transcraneal,8.882874488830566,False,72
2016,endonasal,transesfenoidal,8.874244689941406,True,73
2016,macroadenoma,transcraneal,8.854486465454102,False,74
2016,quirurgico,crecimiento,8.845341682434082,True,75
2016,secretor,metodo,8.791919708251953,False,76
2016,evaluacion,adenoma hipofisario,8.67033576965332,False,77
2016,tumoral,productor,8.653633117675781,False,78
2016,lesion,dano,8.615240097045898,True,79
2016,tumoral,transcraneal,8.596468925476074,True,80
2016,productor,transcraneal,8.589350700378418,False,81
2016,adenoma,region,8.520663261413574,False,82
2016,cirugia,silla,8.494942665100098,False,83
2016,tratamiento,region,8.494756698608398,True,84
2016,lesion,macroadenomas,8.494643211364746,False,85
2016,region,prolactina,8.477139472961426,False,86
2016,cirugia,hormonal,8.414987564086914,False,87
2016,prolactina,abordaj,8.386245727539062,False,88
2016,prolactina,endonasal endoscopico,8.383949279785156,False,89
2016,cirugia,dano,8.314693450927734,False,90
2016,otro,metodo,8.312614440917969,False,91
2016,tratamiento,abordaj,8.243528366088867,True,92
2016,adenoma,todo,8.240939140319824,False,93
2016,secretor,abordaj,8.21817398071289,False,94
2016,endoscopico,prolactina,8.210336685180664,False,95
2016,secretor,endonasal endoscopico,8.203025817871094,False,96
2016,macroadenomas,adenoma hipofisario,8.149258613586426,False,97
2016,transesfenoidal,evaluacion,8.129451751708984,False,98
2016,prolactina,defecto,8.1289701461792,False,99
2016,dano,adenoma hipofisario,8.127121925354004,False,100
2016,tratamiento,visual,8.098766326904297,False,101
2016,cirugia,imagen,8.071770668029785,False,102
2016,morbilidad,metodo,8.069316864013672,False,103
2016,macroadenoma,metodo,8.05434799194336,False,104
2016,endoscopico,secretor,8.006181716918945,False,105
2016,adenoma,abordaj,8.002503395080566,False,106
2016,liquido,adenoma hipofisario,8.001242637634277,False,107
2016,secretor,visual,8.000211715698242,False,108
2016,secretor,defecto,7.993707180023193,False,109
2016,tratamiento,sintoma,7.985558986663818,False,110
2016,region,complicacion,7.974118232727051,False,111
2016,tumor,transnasal,7.968161106109619,False,112
2016,este,defecto,7.965401649475098,False,113
2016,quirurgico,acth,7.957224369049072,False,114
2016,tumor,estructura,7.904255390167236,True,115
2016,tumoral,metodo,7.89072322845459,True,116
2016,otro,todo,7.866172790527344,False,117
2016,quirurgico,endoscopio,7.845393180847168,False,118
2016,region,morbilidad,7.835960388183594,False,119
2016,endonasal endoscopico,productor,7.827787399291992,False,120
2016,silla,adenoma hipofisario,7.78057861328125,False,121
2016,productor,abordaj,7.751311302185059,False,122
2016,otro,visual,7.749383926391602,False,123
2016,region,productor,7.743175506591797,False,124
2016,defecto,productor,7.731764793395996,False,125
2016,tratamiento,selar,7.731484889984131,True,126
2016,macroadenoma,defecto,7.721794128417969,False,127
2016,tumor,clinico,7.718973159790039,False,128
2016,prolactina,todo,7.690377235412598,False,129
2016,comportamiento,adenoma hipofisario,7.688538074493408,False,130
2016,transesfenoidal,liquido,7.685336112976074,False,131
2016,tratamiento,todo,7.684284210205078,True,132
2016,cefalorraquideo,adenoma hipofisario,7.681029319763184,False,133
2016,este,abordaj,7.679666042327881,False,134
2016,este,todo,7.653591156005859,False,135
2016,este,visual,7.648569107055664,False,136
2016,tumoral,defecto,7.638541221618652,True,137
2016,complicacion,abordaj,7.589303016662598,False,138
2016,endoscopico,productor,7.579179763793945,False,139
2016,morbilidad,todo,7.575504779815674,False,140
2016,quirurgico,microquirurgico,7.568912506103516,True,141
2016,visual,productor,7.556887626647949,False,142
2016,secretor,todo,7.552253723144531,False,143
2016,este,sintoma,7.545196533203125,False,144
2016,exeresis,adenoma hipofisario,7.54052734375,False,145
2016,metodo,transcraneal,7.484519004821777,False,146
2016,imagen,adenoma hipofisario,7.481598377227783,False,147
2016,este,craneofaringiomas,7.480702877044678,False,148
2016,macroadenoma,todo,7.459006309509277,False,149
2016,defect,adenoma hipofisario,7.439670085906982,False,150
2016,morbilidad,abordaj,7.43430233001709,False,151
2016,tumoral,todo,7.409367561340332,True,152
2016,lesion,septal,7.407038688659668,False,153
2016,cirugia,defect,7.396388530731201,False,154
2016,transesfenoidal,defect,7.385014057159424,False,155
2016,macroadenoma,abordaj,7.384130477905273,False,156
2016,quirurgico,estructura,7.384123802185059,True,157
2016,transesfenoidal,cefalorraquideo,7.374903202056885,False,158
2016,transesfenoidal,comportamiento,7.364118576049805,False,159
2016,tumoral,visual,7.351190567016602,True,160
2016,transesfenoidal,silla,7.3472442626953125,False,161
2016,quirurgico,transnasal,7.345921993255615,False,162
2016,visual,morbilidad,7.344809532165527,False,163
2016,complicacion,selar,7.341872215270996,False,164
2016,total,productor,7.272722244262695,False,165
2016,disfuncion,adenoma hipofisario,7.259894371032715,False,166
2016,craneofaringiomas,macroadenoma,7.258647918701172,False,167
2016,macroadenoma,selar,7.257077217102051,False,168
2016,transesfenoidal,disfuncion,7.253510475158691,False,169
2016,fistula,adenoma hipofisario,7.252604007720947,False,170
2016,sintoma,otro,7.251104354858398,False,171
2016,sintoma,productor,7.249321937561035,False,172
2016,region,transcraneal,7.230995178222656,False,173
2016,tumoral,abordaj,7.221411228179932,True,174
2016,selar,morbilidad,7.218278884887695,False,175
2016,transesfenoidal,imagen,7.17226505279541,False,176
2016,abordaje,secretor,7.159231662750244,False,177
2016,cirugia,diseccion,7.149411201477051,False,178
2016,adenomas,complicacion,7.145917892456055,False,179
2016,endoscopico,macroadenoma,7.12980842590332,False,180
2016,complicacion,craneofaringiomas,7.105728626251221,False,181
2016,productor,todo,7.09699010848999,False,182
2016,cirugia,seno,7.093389987945557,True,183
2016,septal,adenoma hipofisario,7.080734729766846,False,184
2016,cirugia,disfuncion,7.066220283508301,False,185
2016,selar,productor,7.061823844909668,False,186
2016,transesfenoidal,exeresis,7.048271656036377,False,187
2016,endoscopico,morbilidad,7.029905319213867,False,188
2016,adenomas,morbilidad,7.00969123840332,False,189
2016,transesfenoidal,hormonal,6.988439083099365,False,190
2016,adenoma,endonasal endoscopico,6.968585968017578,False,191
2016,complicacion,crecimiento,6.95635986328125,False,192
2016,tumoral,sintoma,6.954522132873535,True,193
2016,transcraneal,todo,6.948784351348877,False,194
2016,cirugia,dopaminergico,6.934556484222412,False,195
2016,nasal,adenoma hipofisario,6.932837963104248,False,196
2016,region,metodo,6.926427841186523,True,197
2016,abordaje,otro,6.909319877624512,False,198
2016,quirurgico,nervio,6.9004034996032715,True,199
2016,este,abordaje,6.873101711273193,False,200
2017,lesion,adenoma hipofisario,12.046778678894043,True,1
2017,reseccion,neurocirugia,10.058611869812012,False,2
2017,craneo,cerebral,10.017354965209961,True,3
2017,total,craneo,10.014239311218262,False,4
2017,craneo,hidrocefalia,9.87613296508789,True,5
2017,total,neurocirugia,9.752851486206055,False,6
2017,reseccion,elevado,9.73609733581543,False,7
2017,endoscopico,prolactina,9.67500114440918,False,8
2017,cerebral,neurocirugia,9.537518501281738,False,9
2017,endoscopico,secretor,9.517998695373535,False,10
2017,reseccion,prolactina,9.511396408081055,False,11
2017,hidrocefalia,neurocirugia,9.51107406616211,False,12
2017,neurocirugia,elevado,9.44404125213623,False,13
2017,reseccion,secretor,9.420857429504395,False,14
2017,craneo,prolactina,9.397282600402832,False,15
2017,hidrocefalia,elevado,9.353294372558594,False,16
2017,cerebral,tomografia,9.320943832397461,False,17
2017,cerebral,elevado,9.300601959228516,False,18
2017,endoscopico,elevado,9.28246021270752,False,19
2017,reseccion,medico,9.230325698852539,False,20
2017,hidrocefalia,prolactina,9.072806358337402,False,21
2017,reseccion,transeptoesfenoidal,9.015390396118164,False,22
2017,cerebral,medico,9.005218505859375,False,23
2017,hidrocefalia,secretor,8.973593711853027,False,24
2017,craneo,medico,8.956826210021973,False,25
2017,cerebral,secretor,8.89772891998291,False,26
2017,reseccion,sintoma,8.891326904296875,False,27
2017,reseccion,urgencia,8.886672973632812,False,28
2017,cerebral,prolactina,8.867330551147461,False,29
2017,reseccion,acth,8.843558311462402,False,30
2017,craneo,transeptoesfenoidal,8.840903282165527,False,31
2017,endoscopico,sintoma,8.792804718017578,False,32
2017,neurocirugia,medico,8.786273002624512,False,33
2017,craneo,tomografia,8.772756576538086,False,34
2017,total,transeptoesfenoidal,8.757102012634277,False,35
2017,hidrocefalia,medico,8.754202842712402,False,36
2017,total,sintoma,8.736616134643555,False,37
2017,endoscopico,transeptoesfenoidal,8.731304168701172,False,38
2017,tratamiento,craneofaringiomas,8.724759101867676,False,39
2017,crecimiento,neurocirugia,8.69979190826416,False,40
2017,hidrocefalia,transeptoesfenoidal,8.69218635559082,False,41
2017,cerebral,transeptoesfenoidal,8.689834594726562,False,42
2017,abordaje,neurocirugia,8.6569185256958,False,43
2017,endoscopico,crecimiento,8.646991729736328,True,44
2017,cerebral,urgencia,8.645912170410156,False,45
2017,endoscopico,medico,8.611172676086426,False,46
2017,total,tomografia,8.606791496276855,False,47
2017,reseccion,cushing,8.605250358581543,False,48
2017,tratamiento,sintoma,8.586282730102539,False,49
2017,total,cushing,8.586095809936523,False,50
2017,neurocirugia,cushing,8.58533000946045,False,51
2017,craneo,urgencia,8.580306053161621,False,52
2017,acth,neurocirugia,8.565067291259766,False,53
2017,endoscopico,acth,8.563373565673828,False,54
2017,tratamiento,hidrocefalia,8.557795524597168,False,55
2017,abordaje,secretor,8.534222602844238,False,56
2017,elevado,transeptoesfenoidal,8.518056869506836,False,57
2017,reseccion,microadenomas,8.489747047424316,False,58
2017,cerebral,acth,8.47695541381836,False,59
2017,reseccion,nivel,8.468585014343262,False,60
2017,hidrocefalia,abordaje,8.46856689453125,False,61
2017,reseccion,sensibilidad,8.457880973815918,False,62
2017,prolactina,cushing,8.457718849182129,False,63
2017,reseccion,hormonal,8.451205253601074,False,64
2017,abordaje,cerebral,8.446020126342773,True,65
2017,endoscopico,cushing,8.433554649353027,False,66
2017,neurocirugia,hormonal,8.421951293945312,False,67
2017,endoscopico,tomografia,8.415388107299805,False,68
2017,hidrocefalia,urgencia,8.414976119995117,False,69
2017,craneo,crecimiento,8.404139518737793,True,70
2017,hidrocefalia,acth,8.36630916595459,False,71
2017,hidrocefalia,cushing,8.357739448547363,False,72
2017,cerebral,"endonasal 
  endoscopico",8.344155311584473,False,73
2017,abordaje,elevado,8.3385591506958,False,74
2017,neurocirugia,tomografia,8.334441184997559,False,75
2017,total,hormonal,8.331098556518555,False,76
2017,adenomas,reseccion,8.308130264282227,False,77
2017,craneo,sintoma,8.30251693725586,False,78
2017,endoscopico,hormonal,8.287291526794434,False,79
2017,crecimiento,elevado,8.28345012664795,False,80
2017,endoscopico,urgencia,8.264627456665039,False,81
2017,craneo,microadenomas,8.246644973754883,False,82
2017,reseccion,metodo,8.239933013916016,True,83
2017,neurocirugia,urgencia,8.23234748840332,False,84
2017,total,nivel,8.218561172485352,False,85
2017,hidrocefalia,crecimiento,8.214409828186035,False,86
2017,neurocirugia,microadenomas,8.206610679626465,False,87
2017,total,metodo,8.198232650756836,False,88
2017,elevado,tomografia,8.191662788391113,False,89
2017,hidrocefalia,"endonasal 
  endoscopico",8.166492462158203,False,90
2017,cerebral,nivel,8.151959419250488,False,91
2017,neurocirugia,enfermedad,8.147490501403809,False,92
2017,secretor,metodo,8.141899108886719,False,93
2017,medico,tomografia,8.138574600219727,False,94
2017,endoscopico,microadenomas,8.129226684570312,False,95
2017,total,enfermedad,8.119264602661133,False,96
2017,sintoma,cerebral,8.105156898498535,False,97
2017,cerebral,crecimiento,8.089253425598145,True,98
2017,endoscopico,nivel,8.084290504455566,False,99
2017,craneo,sensibilidad,8.068477630615234,False,100
2017,neurocirugia,metodo,8.066840171813965,False,101
2017,craneofaringiomas,elevado,8.065410614013672,True,102
2017,cerebral,cushing,8.058975219726562,False,103
2017,cerebral,craneofaringiomas,8.05849838256836,False,104
2017,craneo,absceso,8.048333168029785,False,105
2017,craneo,hormonal,8.028424263000488,False,106
2017,medico,transeptoesfenoidal,8.028386116027832,False,107
2017,prolactina,enfermedad,8.021306991577148,False,108
2017,hidrocefalia,nivel,8.020591735839844,False,109
2017,hidrocefalia,sensibilidad,8.013131141662598,False,110
2017,hidrocefalia,microadenomas,8.009446144104004,False,111
2017,neurocirugia,tuberculo,8.002912521362305,False,112
2017,sintoma,abordaje,7.983710765838623,False,113
2017,endoscopico,enfermedad,7.980402946472168,True,114
2017,total,"endonasal 
  endoscopico",7.973191261291504,False,115
2017,total,hipofisario,7.971270561218262,False,116
2017,cerebral,microadenomas,7.959855079650879,False,117
2017,cerebral,enfermedad,7.957851409912109,False,118
2017,tratamiento,tomografia,7.955186367034912,False,119
2017,cerebral,tuberculo,7.9531660079956055,False,120
2017,prolactina,tomografia,7.949193000793457,False,121
2017,cerebral,hormonal,7.942346572875977,False,122
2017,secretor,tomografia,7.9381103515625,False,123
2017,hidrocefalia,craneofaringiomas,7.926084518432617,False,124
2017,hidrocefalia,hormonal,7.9129838943481445,False,125
2017,secretor,nivel,7.907444953918457,False,126
2017,hidrocefalia,imagenologico,7.8767547607421875,False,127
2017,craneo,hipofisario,7.872371196746826,False,128
2017,tratamiento,cushing,7.87075138092041,False,129
2017,craneo,metodo,7.834326267242432,True,130
2017,hidrocefalia,tuberculo,7.827600002288818,True,131
2017,endoscopico,productor,7.819767475128174,False,132
2017,reseccion,hipofisario,7.8111348152160645,False,133
2017,total,sensibilidad,7.809243679046631,False,134
2017,tratamiento,enfermedad,7.795838356018066,False,135
2017,"endonasal 
  endoscopico",elevado,7.793353080749512,False,136
2017,neurocirugia,absceso,7.792446136474609,False,137
2017,abordaje,medico,7.783360958099365,False,138
2017,acth,medico,7.780675888061523,False,139
2017,total,productor,7.779671669006348,False,140
2017,tomografia,transeptoesfenoidal,7.768134117126465,False,141
2017,hidrocefalia,enfermedad,7.762762546539307,False,142
2017,endonasal,prolactina,7.760162353515625,False,143
2017,craneo,tuberculo,7.75253438949585,False,144
2017,adenomas,cerebral,7.751099109649658,False,145
2017,sintoma,metodo,7.744444370269775,False,146
2017,total,previo,7.742184638977051,False,147
2017,abordaje,acth,7.735806941986084,False,148
2017,medico,cushing,7.7347588539123535,False,149
2017,cerebral,metodo,7.730493068695068,False,150
2017,total,absceso,7.73019552230835,False,151
2017,sintoma,acth,7.726827144622803,False,152
2017,hidrocefalia,metodo,7.721566200256348,False,153
2017,sintoma,transeptoesfenoidal,7.710794448852539,False,154
2017,neurocirugia,previo,7.707790851593018,False,155
2017,transeptoesfenoidal,urgencia,7.70020866394043,False,156
2017,tomografia,urgencia,7.698657035827637,False,157
2017,neurocirugia,sensibilidad,7.693553447723389,False,158
2017,cushing,transeptoesfenoidal,7.691643714904785,False,159
2017,cerebral,estrategia,7.6907639503479,False,160
2017,prolactina,"endonasal 
  endoscopico",7.688702583312988,False,161
2017,crecimiento,medico,7.680198669433594,False,162
2017,reseccion,agonista,7.669113636016846,False,163
2017,tratamiento,nivel,7.66276741027832,False,164
2017,total,agonista,7.6613993644714355,False,165
2017,endonasal,secretor,7.657378196716309,False,166
2017,reseccion,imagenologico,7.652398586273193,False,167
2017,reseccion,no secretor,7.646315097808838,False,168
2017,reseccion,estrategia,7.627660751342773,False,169
2017,endoscopico,previo,7.625822067260742,False,170
2017,crecimiento,transeptoesfenoidal,7.621706485748291,False,171
2017,neurocirugia,productor,7.619784355163574,False,172
2017,neurocirugia,hipofisario,7.599832057952881,False,173
2017,cerebral,imagenologico,7.599610328674316,False,174
2017,secretor,"endonasal 
  endoscopico",7.584301948547363,False,175
2017,abordaje,tomografia,7.583024501800537,False,176
2017,craneo,no secretor,7.582502365112305,False,177
2017,acth,transeptoesfenoidal,7.581031799316406,False,178
2017,elevado,hipofisario,7.578243255615234,False,179
2017,reseccion,dopaminergico,7.575444221496582,False,180
2017,endonasal,neurocirugia,7.57449197769165,False,181
2017,abordaje,cushing,7.568874835968018,False,182
2017,neurocirugia,exeresis,7.5652570724487305,False,183
2017,cerebral,hipofisario,7.561479091644287,False,184
2017,endoscopico,agonista,7.5533599853515625,False,185
2017,elevado,tuberculo,7.549590110778809,False,186
2017,reseccion,productor,7.547733783721924,False,187
2017,crecimiento,hormonal,7.544468879699707,False,188
2017,medico,nivel,7.538144111633301,False,189
2017,neurocirugia,agonista,7.538005828857422,False,190
2017,medico,sensibilidad,7.534915924072266,False,191
2017,elevado,metodo,7.533735752105713,False,192
2017,absceso,elevado,7.532473564147949,False,193
2017,prolactina,abordaj,7.526561737060547,False,194
2017,endoscopico,exeresis,7.525956630706787,False,195
2017,craneo,previo,7.521580219268799,False,196
2017,acth,tomografia,7.515944480895996,False,197
2017,sintoma,tomografia,7.512938499450684,False,198
2017,cerebral,axial,7.510103702545166,False,199
2017,total,tecnica,7.5035400390625,True,200
2019,tratamiento,craneofaringiomas,10.269184112548828,False,1
2019,total,neurocirugia,9.221763610839844,False,2
2019,total,craneo,9.023039817810059,False,3
2019,endoscopico,acth,8.932637214660645,False,4
2019,endoscopico,secretor,8.88068675994873,False,5
2019,cerebral,acth,8.82899284362793,False,6
2019,acth,neurocirugia,8.769186019897461,False,7
2019,cerebral,craneofaringiomas,8.634332656860352,False,8
2019,endoscopico,prolactina,8.600299835205078,False,9
2019,reseccion,acth,8.58882999420166,False,10
2019,total,no secretor,8.576597213745117,False,11
2019,cerebral,neurocirugia,8.571361541748047,False,12
2019,reseccion,neurocirugia,8.532349586486816,False,13
2019,endoscopico,crecimiento,8.483139038085938,True,14
2019,craneo,cerebral,8.429367065429688,True,15
2019,craneofaringiomas,elevado,8.353034019470215,True,16
2019,prolactina,otro,8.305456161499023,False,17
2019,tratamiento,sintoma,8.266196250915527,False,18
2019,cerebral,destruccion,8.260737419128418,False,19
2019,reseccion,secretor,8.185011863708496,False,20
2019,otro,acth,8.173312187194824,False,21
2019,tratamiento,selar,8.159643173217773,True,22
2019,craneofaringiomas,hormonal,8.15785026550293,False,23
2019,total,"endonasal 
  endoscopico",8.110345840454102,False,24
2019,endoscopico,no secretor,8.106456756591797,False,25
2019,crecimiento,neurocirugia,8.098638534545898,False,26
2019,cerebral,elevado,8.074434280395508,False,27
2019,meningioma,cerebral,8.06887149810791,True,28
2019,endoscopico,elevado,8.058429718017578,True,29
2019,tratamiento,enfermedad,8.04212760925293,False,30
2019,este,craneofaringiomas,8.036137580871582,False,31
2019,cerebral,secretor,8.006670951843262,False,32
2019,cerebral,crecimiento,7.9977288246154785,True,33
2019,neurocirugia,elevado,7.99769926071167,False,34
2019,tratamiento,region,7.982125282287598,True,35
2019,tratamiento,hidrocefalia,7.965902805328369,False,36
2019,otro,neurocirugia,7.956864356994629,False,37
2019,hidrocefalia,acth,7.937350273132324,False,38
2019,tumoral,neurocirugia,7.933921813964844,False,39
2019,reseccion,elevado,7.8640666007995605,False,40
2019,abordaje,acth,7.82619571685791,False,41
2019,craneo,no secretor,7.825430870056152,False,42
2019,reseccion,prolactina,7.81416130065918,False,43
2019,reseccion,otro,7.808734893798828,False,44
2019,hidrocefalia,craneofaringiomas,7.800198554992676,False,45
2019,neurocirugia,no secretor,7.800019264221191,False,46
2019,reseccion,no secretor,7.7622551918029785,False,47
2019,abordaje,secretor,7.757568359375,False,48
2019,total,agonista,7.756006717681885,False,49
2019,hidrocefalia,neurocirugia,7.744938850402832,False,50
2019,endoscopico,medico,7.744167327880859,False,51
2019,acth,"endonasal 
  endoscopico",7.738213062286377,False,52
2019,acth,medico,7.735219955444336,False,53
2019,craneofaringiomas,enfermedad,7.718410491943359,False,54
2019,tratamiento,nivel,7.715266227722168,False,55
2019,craneo,crecimiento,7.709179878234863,True,56
2019,cerebral,medico,7.705751895904541,False,57
2019,abordaje,otro,7.698582172393799,False,58
2019,tumoral,abordaje,7.698246002197266,True,59
2019,total,hormonal,7.695405960083008,False,60
2019,total,nivel,7.694225311279297,False,61
2019,cerebral,"endonasal 
  endoscopico",7.673628330230713,False,62
2019,craneofaringiomas,microadenomas,7.6734442710876465,False,63
2019,craneo,hidrocefalia,7.656635761260986,True,64
2019,craneo,prolactina,7.654287338256836,False,65
2019,craneofaringiomas,exeresis,7.637031555175781,False,66
2019,meningioma,crecimiento,7.629683494567871,True,67
2019,craneofaringiomas,hipofisario,7.617353439331055,True,68
2019,meningioma,otro,7.613956451416016,True,69
2019,neurocirugia,microadenomas,7.606315612792969,False,70
2019,total,enfermedad,7.591547966003418,False,71
2019,crecimiento,elevado,7.585772514343262,False,72
2019,acth,destruccion,7.584747314453125,False,73
2019,secretor,no secretor,7.575103759765625,False,74
2019,adenomas,cerebral,7.573081016540527,False,75
2019,total,productor,7.570159912109375,False,76
2019,abordaje,cerebral,7.551424026489258,True,77
2019,reseccion,medico,7.548028469085693,False,78
2019,cerebral,prolactina,7.541979789733887,False,79
2019,abordaje,neurocirugia,7.5412702560424805,False,80
2019,tratamiento,"endonasal 
  endoscopico",7.540927886962891,False,81
2019,neurocirugia,medico,7.527032852172852,False,82
2019,total,hipofisario,7.517427444458008,False,83
2019,region,craneofaringiomas,7.5166015625,True,84
2019,endoscopico,hormonal,7.497949123382568,False,85
2019,endoscopico,selar,7.493595123291016,False,86
2019,elevado,no secretor,7.487778663635254,False,87
2019,tumoral,sintoma,7.4766645431518555,False,88
2019,endoscopico,agonista,7.468247413635254,False,89
2019,region,total,7.464493751525879,False,90
2019,craneofaringiomas,nivel,7.463780403137207,False,91
2019,meningioma,elevado,7.454252243041992,True,92
2019,sintoma,otro,7.44822883605957,False,93
2019,craneofaringiomas,macroadenoma,7.4478864669799805,True,94
2019,acth,hormonal,7.446025848388672,False,95
2019,endoscopico,productor,7.4369611740112305,False,96
2019,reseccion,microadenomas,7.432138919830322,False,97
2019,otro,exeresis,7.425660610198975,False,98
2019,craneofaringiomas,agonista,7.417844772338867,False,99
2019,reseccion,destruccion,7.410342216491699,False,100
2019,craneofaringiomas,macroadenomas,7.39527702331543,False,101
2019,endoscopico,microadenomas,7.389848709106445,False,102
2019,total,sintoma,7.38836669921875,False,103
2019,crecimiento,no secretor,7.3873291015625,False,104
2019,tratamiento,destruccion,7.376241683959961,False,105
2019,no secretor,destruccion,7.374863624572754,False,106
2019,tratamiento,tomografia,7.371140956878662,False,107
2019,tratamiento,tuberculo,7.368427276611328,False,108
2019,neurocirugia,tuberculo,7.3678812980651855,False,109
2019,neurocirugia,destruccion,7.3648576736450195,False,110
2019,acth,tuberculo,7.362041473388672,False,111
2019,neurocirugia,hormonal,7.356818199157715,False,112
2019,total,dano,7.353879928588867,False,113
2019,adenomas,reseccion,7.34494686126709,False,114
2019,otro,hormonal,7.343112945556641,False,115
2019,acth,agonista,7.342057704925537,False,116
2019,endoscopico,sintoma,7.335159778594971,False,117
2019,endoscopico,macroadenomas,7.3198466300964355,False,118
2019,craneo,medico,7.315276145935059,False,119
2019,crecimiento,hormonal,7.315072059631348,False,120
2019,hidrocefalia,secretor,7.305567741394043,False,121
2019,endoscopico,enfermedad,7.289957046508789,False,122
2019,total,dopaminergico,7.282130241394043,False,123
2019,cerebral,agonista,7.278847694396973,False,124
2019,hidrocefalia,elevado,7.272781848907471,False,125
2019,endoscopico,destruccion,7.269802093505859,False,126
2019,craneo,destruccion,7.26192569732666,False,127
2019,cerebral,hipofisario,7.261651039123535,False,128
2019,cerebral,nivel,7.25892448425293,False,129
2019,otro,enfermedad,7.253384590148926,False,130
2019,endoscopico,nivel,7.252021312713623,False,131
2019,craneofaringiomas,tomografia,7.244450569152832,False,132
2019,cerebral,microadenomas,7.234662055969238,False,133
2019,crecimiento,medico,7.231758117675781,False,134
2019,otro,elevado,7.229516983032227,False,135
2019,total,tomografia,7.22154426574707,False,136
2019,cerebral,tuberculo,7.216990947723389,False,137
2019,tratamiento,diseccion,7.211601257324219,False,138
2019,meningioma,medico,7.192263126373291,False,139
2019,hidrocefalia,crecimiento,7.1816511154174805,False,140
2019,cerebral,tomografia,7.154680252075195,False,141
2019,fistula,craneofaringiomas,7.154106140136719,False,142
2019,endoscopico,exeresis,7.143852233886719,False,143
2019,meningioma,abordaje,7.136269569396973,False,144
2019,acth,hipofisario,7.13526725769043,False,145
2019,medico,no secretor,7.134698867797852,False,146
2019,total,cushing,7.134394645690918,False,147
2019,cerebral,hormonal,7.124892234802246,False,148
2019,neurocirugia,enfermedad,7.123587608337402,False,149
2019,tratamiento,cushing,7.123545169830322,False,150
2019,crecimiento,selar,7.1128129959106445,True,151
2019,neurocirugia,selar,7.112682342529297,False,152
2019,acth,exeresis,7.105997085571289,False,153
2019,endoscopico,macroadenoma,7.105489730834961,False,154
2019,tratamiento,abordaj,7.104511737823486,False,155
2019,tratamiento,dano,7.096220016479492,False,156
2019,total,transeptoesfenoidal,7.087069988250732,False,157
2019,prolactina,enfermedad,7.080410003662109,False,158
2019,secretor,nivel,7.078550338745117,False,159
2019,reseccion,hormonal,7.072358131408691,False,160
2019,secretor,"endonasal 
  endoscopico",7.071108818054199,False,161
2019,reseccion,nivel,7.069775581359863,False,162
2019,tratamiento,axial,7.062884330749512,False,163
2019,region,acth,7.06074857711792,False,164
2019,otro,microadenomas,7.055944442749023,False,165
2019,neurocirugia,exeresis,7.055145263671875,False,166
2019,hidrocefalia,destruccion,7.052058696746826,False,167
2019,meningioma,hormonal,7.051430702209473,False,168
2019,cerebral,macroadenomas,7.051165580749512,False,169
2019,abordaje,elevado,7.051074028015137,False,170
2019,sintoma,acth,7.030119895935059,False,171
2019,"endonasal 
  endoscopico",no secretor,7.019362449645996,False,172
2019,otro,productor,7.016944885253906,False,173
2019,craneo,microadenomas,7.012913703918457,False,174
2019,tumoral,productor,7.004665851593018,False,175
2019,region,prolactina,7.002228736877441,False,176
2019,total,axial,6.990991592407227,False,177
2019,endoscopico,dano,6.981257438659668,False,178
2019,tratamiento,tecnica,6.980152606964111,True,179
2019,tratamiento,visual,6.978450298309326,False,180
2019,acth,dano,6.974013805389404,False,181
2019,tumoral,silla,6.972050666809082,True,182
2019,"endonasal 
  endoscopico",destruccion,6.965508460998535,False,183
2019,"endonasal 
  endoscopico",elevado,6.963510036468506,False,184
2019,meningioma,microadenomas,6.960220813751221,False,185
2019,hidrocefalia,"endonasal 
  endoscopico",6.958956241607666,False,186
2019,elevado,destruccion,6.957434177398682,False,187
2019,neurocirugia,agonista,6.954926013946533,False,188
2019,endoscopico,dopaminergico,6.94881534576416,False,189
2019,craneofaringiomas,axial,6.948502063751221,False,190
2019,hidrocefalia,medico,6.946571350097656,False,191
2019,reseccion,agonista,6.935129642486572,False,192
2019,hidrocefalia,prolactina,6.930931091308594,False,193
2019,endoscopico,tomografia,6.930609226226807,False,194
2019,abordaje,no secretor,6.9254937171936035,False,195
2019,neurocirugia,macroadenomas,6.92426872253418,False,196
2019,tratamiento,cefalorraquideo,6.922986030578613,False,197
2019,tumoral,hipofisario,6.922213554382324,False,198
2019,total,abordaj,6.917990207672119,False,199
2019,total,visual,6.914271354675293,False,200
2020,total,neurocirugia,18.113887786865234,False,1
2020,reseccion,neurocirugia,16.9312686920166,False,2
2020,total,craneo,16.530019760131836,False,3
2020,acth,neurocirugia,16.26236343383789,False,4
2020,endoscopico,prolactina,16.26116943359375,False,5
2020,reseccion,prolactina,16.210948944091797,False,6
2020,reseccion,acth,15.844861030578613,False,7
2020,total,sintoma,15.812409400939941,False,8
2020,endoscopico,acth,15.619209289550781,False,9
2020,endoscopico,secretor,15.614415168762207,False,10
2020,reseccion,secretor,15.486129760742188,False,11
2020,cerebral,neurocirugia,15.423592567443848,False,12
2020,tratamiento,sintoma,15.323999404907227,False,13
2020,neurocirugia,medico,15.159560203552246,False,14
2020,crecimiento,neurocirugia,15.121723175048828,False,15
2020,total,hormonal,15.119256019592285,False,16
2020,total,nivel,15.112275123596191,False,17
2020,total,productor,15.107504844665527,False,18
2020,tratamiento,craneofaringiomas,15.055044174194336,False,19
2020,tumoral,neurocirugia,15.046045303344727,False,20
2020,hidrocefalia,neurocirugia,15.037394523620605,False,21
2020,abordaje,neurocirugia,15.036112785339355,False,22
2020,craneo,prolactina,14.898752212524414,False,23
2020,reseccion,medico,14.845306396484375,False,24
2020,total,"endonasal 
  endoscopico",14.839958190917969,False,25
2020,tratamiento,hidrocefalia,14.787643432617188,False,26
2020,total,enfermedad,14.777199745178223,False,27
2020,total,metodo,14.757716178894043,False,28
2020,reseccion,sintoma,14.741531372070312,False,29
2020,prolactina,otro,14.735234260559082,False,30
2020,endoscopico,crecimiento,14.682066917419434,True,31
2020,endoscopico,sintoma,14.64998722076416,False,32
2020,total,tomografia,14.611539840698242,False,33
2020,cerebral,acth,14.541780471801758,False,34
2020,endoscopico,medico,14.539422035217285,False,35
2020,neurocirugia,elevado,14.4779052734375,False,36
2020,acth,medico,14.466418266296387,False,37
2020,otro,neurocirugia,14.460844039916992,False,38
2020,neurocirugia,hormonal,14.426189422607422,False,39
2020,hidrocefalia,prolactina,14.364360809326172,False,40
2020,cerebral,prolactina,14.3427152633667,False,41
2020,total,agonista,14.333232879638672,False,42
2020,neurocirugia,productor,14.257333755493164,False,43
2020,total,no secretor,14.217354774475098,False,44
2020,abordaje,secretor,14.211591720581055,False,45
2020,hidrocefalia,acth,14.199604034423828,False,46
2020,abordaje,acth,14.187570571899414,False,47
2020,tratamiento,nivel,14.145974159240723,False,48
2020,reseccion,elevado,14.125531196594238,False,49
2020,sintoma,acth,14.107946395874023,False,50
2020,neurocirugia,tuberculo,14.102580070495605,False,51
2020,neurocirugia,enfermedad,14.0881929397583,False,52
2020,tratamiento,enfermedad,14.086812973022461,False,53
2020,reseccion,otro,14.067426681518555,False,54
2020,neurocirugia,metodo,14.05759334564209,False,55
2020,total,visual,14.027568817138672,False,56
2020,reseccion,hormonal,14.0264310836792,False,57
2020,craneo,cerebral,14.020017623901367,True,58
2020,total,control,13.995969772338867,False,59
2020,tumoral,sintoma,13.991928100585938,False,60
2020,cerebral,medico,13.989389419555664,False,61
2020,reseccion,nivel,13.986135482788086,False,62
2020,endoscopico,hormonal,13.920302391052246,False,63
2020,endoscopico,productor,13.892817497253418,False,64
2020,total,dopaminergico,13.88788890838623,False,65
2020,total,tecnica,13.887694358825684,False,66
2020,neurocirugia,diseccion,13.850783348083496,False,67
2020,region,total,13.833185195922852,False,68
2020,neurocirugia,tomografia,13.829524993896484,False,69
2020,prolactina,enfermedad,13.827513694763184,False,70
2020,craneo,medico,13.823019981384277,False,71
2020,endoscopico,elevado,13.812719345092773,True,72
2020,reseccion,productor,13.797426223754883,False,73
2020,cerebral,secretor,13.787372589111328,False,74
2020,endoscopico,nivel,13.782065391540527,False,75
2020,tratamiento,tomografia,13.757189750671387,False,76
2020,hidrocefalia,secretor,13.754982948303223,False,77
2020,neurocirugia,microadenomas,13.751383781433105,False,78
2020,craneo,hidrocefalia,13.694172859191895,True,79
2020,neurocirugia,destruccion,13.688109397888184,False,80
2020,neurocirugia,exeresis,13.683248519897461,False,81
2020,reseccion,metodo,13.649331092834473,True,82
2020,prolactina,"endonasal 
  endoscopico",13.630450248718262,False,83
2020,total,sensibilidad,13.622718811035156,False,84
2020,otro,acth,13.61966609954834,False,85
2020,fistula,neurocirugia,13.61116886138916,False,86
2020,total,estrategia,13.60021686553955,False,87
2020,tratamiento,"endonasal 
  endoscopico",13.584722518920898,False,88
2020,secretor,metodo,13.568861961364746,False,89
2020,hidrocefalia,medico,13.566553115844727,False,90
2020,tratamiento,region,13.560112953186035,True,91
2020,este,sintoma,13.55674934387207,False,92
2020,prolactina,tuberculo,13.551210403442383,False,93
2020,endoscopico,enfermedad,13.528291702270508,False,94
2020,tumoral,abordaje,13.518417358398438,True,95
2020,craneo,crecimiento,13.49689769744873,False,96
2020,tratamiento,tecnica,13.483803749084473,True,97
2020,neurocirugia,agonista,13.463898658752441,False,98
2020,acth,hormonal,13.458062171936035,False,99
2020,tratamiento,tuberculo,13.442625045776367,False,100
2020,reseccion,microadenomas,13.44138240814209,False,101
2020,cerebral,crecimiento,13.431530952453613,True,102
2020,sintoma,abordaje,13.431197166442871,False,103
2020,total,transeptoesfenoidal,13.422266006469727,False,104
2020,sintoma,otro,13.403411865234375,False,105
2020,tratamiento,visual,13.399360656738281,False,106
2020,endoscopico,tomografia,13.392801284790039,False,107
2020,reseccion,destruccion,13.351500511169434,False,108
2020,tecnica,neurocirugia,13.346700668334961,False,109
2020,fistula,prolactina,13.334433555603027,False,110
2020,acth,"endonasal 
  endoscopico",13.334107398986816,False,111
2020,crecimiento,medico,13.32930850982666,False,112
2020,prolactina,tecnica,13.328041076660156,False,113
2020,reseccion,fistula,13.327900886535645,True,114
2020,craneo,sintoma,13.298481941223145,False,115
2020,tratamiento,destruccion,13.292346954345703,False,116
2020,neurocirugia,no secretor,13.264922142028809,False,117
2020,region,prolactina,13.253863334655762,False,118
2020,abordaje,cerebral,13.235867500305176,True,119
2020,acth,metodo,13.223388671875,False,120
2020,abordaje,medico,13.221931457519531,False,121
2020,tratamiento,diseccion,13.205506324768066,False,122
2020,este,abordaje,13.20469856262207,False,123
2020,total,previo,13.190773010253906,False,124
2020,endoscopico,exeresis,13.188881874084473,False,125
2020,hidrocefalia,crecimiento,13.180620193481445,False,126
2020,prolactina,tomografia,13.172788619995117,False,127
2020,secretor,nivel,13.169408798217773,False,128
2020,acth,tuberculo,13.154718399047852,False,129
2020,endoscopico,destruccion,13.151198387145996,False,130
2020,sintoma,cerebral,13.126017570495605,False,131
2020,cerebral,nivel,13.117066383361816,False,132
2020,total,axial,13.115777969360352,False,133
2020,endoscopico,microadenomas,13.10044002532959,False,134
2020,reseccion,agonista,13.09990119934082,False,135
2020,hidrocefalia,abordaje,13.08629035949707,False,136
2020,cerebral,elevado,13.072554588317871,False,137
2020,endoscopico,diseccion,13.071699142456055,False,138
2020,neurocirugia,dopaminergico,13.070643424987793,False,139
2020,endoscopico,agonista,13.067338943481445,False,140
2020,prolactina,diseccion,13.06518268585205,False,141
2020,tratamiento,selar,13.06279468536377,True,142
2020,acth,tomografia,13.062028884887695,False,143
2020,acth,destruccion,13.045587539672852,False,144
2020,region,neurocirugia,13.037339210510254,False,145
2020,tumoral,productor,13.034652709960938,False,146
2020,abordaje,otro,13.031387329101562,False,147
2020,total,hipofisario,12.985329627990723,False,148
2020,prolactina,control,12.977143287658691,False,149
2020,secretor,"endonasal 
  endoscopico",12.958505630493164,False,150
2020,total,cushing,12.958438873291016,False,151
2020,cerebral,tomografia,12.957279205322266,False,152
2020,neurocirugia,urgencia,12.956050872802734,False,153
2020,prolactina,destruccion,12.955560684204102,False,154
2020,reseccion,no secretor,12.954994201660156,False,155
2020,cerebral,destruccion,12.936612129211426,False,156
2020,tratamiento,estrategia,12.927885055541992,True,157
2020,acth,exeresis,12.915003776550293,False,158
2020,fistula,acth,12.912744522094727,False,159
2020,endoscopico,no secretor,12.903915405273438,False,160
2020,tumoral,metodo,12.890053749084473,True,161
2020,secretor,tuberculo,12.886706352233887,False,162
2020,total,hematoma,12.878138542175293,False,163
2020,acth,diseccion,12.863471031188965,False,164
2020,endoscopico,visual,12.850536346435547,True,165
2020,neurocirugia,sensibilidad,12.840267181396484,False,166
2020,reseccion,visual,12.820246696472168,True,167
2020,acth,agonista,12.818367958068848,False,168
2020,este,productor,12.816241264343262,False,169
2020,endoscopico,control,12.815500259399414,False,170
2020,crecimiento,hormonal,12.809188842773438,False,171
2020,sintoma,productor,12.805461883544922,False,172
2020,este,craneofaringiomas,12.801923751831055,False,173
2020,total,cefalorraquideo,12.800959587097168,False,174
2020,fistula,secretor,12.792497634887695,False,175
2020,craneo,hormonal,12.788714408874512,False,176
2020,endoscopico,tecnica,12.781131744384766,True,177
2020,tratamiento,sensibilidad,12.774965286254883,False,178
2020,medico,nivel,12.773720741271973,False,179
2020,total,dano,12.769491195678711,False,180
2020,otro,hormonal,12.763794898986816,False,181
2020,sintoma,metodo,12.748141288757324,False,182
2020,hidrocefalia,elevado,12.738290786743164,False,183
2020,crecimiento,elevado,12.726729393005371,False,184
2020,abordaje,hormonal,12.709957122802734,False,185
2020,reseccion,dopaminergico,12.708683967590332,False,186
2020,neurocirugia,selar,12.706923484802246,False,187
2020,total,endonasal endoscopico,12.69863510131836,True,188
2020,neurocirugia,evaluacion,12.69837474822998,False,189
2020,craneo,productor,12.692014694213867,False,190
2020,este,hormonal,12.676604270935059,False,191
2020,total,liquido,12.670565605163574,False,192
2020,neurocirugia,estrategia,12.670214653015137,False,193
2020,secretor,tecnica,12.669970512390137,False,194
2020,hidrocefalia,nivel,12.65035343170166,False,195
2020,craneo,tomografia,12.64787483215332,False,196
2020,reseccion,urgencia,12.638107299804688,False,197
2020,cerebral,agonista,12.63123607635498,False,198
2020,secretor,visual,12.623096466064453,False,199
2020,endoscopico,dopaminergico,12.616424560546875,False,200
2021,lesion,adenoma hipofisario,21.913576126098633,True,1
2021,cerebral,acth,10.445199966430664,False,2
2021,craneo,cerebral,10.440138816833496,True,3
2021,cerebral,elevado,10.353261947631836,False,4
2021,cerebral,hipofisario,10.34669017791748,False,5
2021,cerebral,neurocirugia,10.28561019897461,False,6
2021,cerebral,transeptoesfenoidal,9.99374771118164,False,7
2021,cerebral,urgencia,9.936755180358887,False,8
2021,cerebral,medico,9.808120727539062,False,9
2021,endoscopico,acth,9.765799522399902,False,10
2021,acth,hipofisario,9.691558837890625,False,11
2021,endoscopico,prolactina,9.636063575744629,False,12
2021,acth,neurocirugia,9.604838371276855,False,13
2021,total,craneo,9.591667175292969,False,14
2021,adenomas,cerebral,9.574881553649902,False,15
2021,cerebral,prolactina,9.563533782958984,False,16
2021,elevado,hipofisario,9.520915031433105,False,17
2021,total,hipofisario,9.503973960876465,False,18
2021,craneo,hipofisario,9.473069190979004,False,19
2021,abordaje,cerebral,9.440719604492188,True,20
2021,reseccion,acth,9.420129776000977,False,21
2021,neurocirugia,elevado,9.385616302490234,False,22
2021,total,neurocirugia,9.375497817993164,False,23
2021,reseccion,elevado,9.359803199768066,False,24
2021,reseccion,hipofisario,9.349538803100586,False,25
2021,craneo,hidrocefalia,9.328093528747559,True,26
2021,neurocirugia,hipofisario,9.312234878540039,False,27
2021,endoscopico,secretor,9.292095184326172,False,28
2021,hidrocefalia,elevado,9.272404670715332,False,29
2021,reseccion,neurocirugia,9.244558334350586,False,30
2021,cerebral,microadenomas,9.242303848266602,False,31
2021,hidrocefalia,acth,9.238783836364746,False,32
2021,sintoma,cerebral,9.236395835876465,False,33
2021,endoscopico,elevado,9.208760261535645,True,34
2021,elevado,transeptoesfenoidal,9.18350601196289,False,35
2021,cerebral,tomografia,9.154316902160645,False,36
2021,craneo,urgencia,9.153700828552246,False,37
2021,cerebral,secretor,9.152880668640137,False,38
2021,hipofisario,urgencia,9.142022132873535,False,39
2021,craneo,transeptoesfenoidal,9.134026527404785,False,40
2021,hidrocefalia,hipofisario,9.12471866607666,False,41
2021,cerebral,nivel,9.104507446289062,False,42
2021,medico,hipofisario,9.0986328125,False,43
2021,hidrocefalia,neurocirugia,9.088546752929688,False,44
2021,acth,transeptoesfenoidal,9.080533981323242,False,45
2021,abordaje,acth,9.034442901611328,False,46
2021,reseccion,transeptoesfenoidal,9.012365341186523,False,47
2021,acth,urgencia,8.994272232055664,False,48
2021,tratamiento,sintoma,8.98784065246582,False,49
2021,total,transeptoesfenoidal,8.971293449401855,False,50
2021,cerebral,trastorno,8.965921401977539,False,51
2021,acth,medico,8.965120315551758,False,52
2021,reseccion,urgencia,8.961931228637695,False,53
2021,cerebral,hormonal,8.95276927947998,False,54
2021,reseccion,medico,8.95269775390625,False,55
2021,hidrocefalia,urgencia,8.939410209655762,False,56
2021,transeptoesfenoidal,urgencia,8.908944129943848,False,57
2021,neurocirugia,urgencia,8.903436660766602,False,58
2021,cerebral,macroadenomas,8.901008605957031,False,59
2021,hidrocefalia,transeptoesfenoidal,8.896133422851562,False,60
2021,craneo,prolactina,8.893732070922852,False,61
2021,craneo,medico,8.884747505187988,False,62
2021,sintoma,acth,8.882031440734863,False,63
2021,tratamiento,craneofaringiomas,8.850589752197266,False,64
2021,endoscopico,transeptoesfenoidal,8.845926284790039,False,65
2021,abordaje,hipofisario,8.80871868133545,False,66
2021,neurocirugia,medico,8.801891326904297,False,67
2021,cerebral,crecimiento,8.792841911315918,True,68
2021,total,sintoma,8.734671592712402,False,69
2021,medico,transeptoesfenoidal,8.726510047912598,False,70
2021,hidrocefalia,medico,8.691612243652344,False,71
2021,adenomas,reseccion,8.684660911560059,False,72
2021,tratamiento,hidrocefalia,8.681735038757324,False,73
2021,endoscopico,sintoma,8.667936325073242,False,74
2021,endoscopico,urgencia,8.657211303710938,False,75
2021,abordaje,neurocirugia,8.646007537841797,False,76
2021,reseccion,sintoma,8.641260147094727,False,77
2021,reseccion,prolactina,8.626931190490723,False,78
2021,cerebral,enfermedad,8.583229064941406,False,79
2021,craneo,microadenomas,8.573966979980469,False,80
2021,endoscopico,medico,8.554231643676758,False,81
2021,endoscopico,crecimiento,8.552350997924805,True,82
2021,abordaje,elevado,8.520003318786621,False,83
2021,hipofisario,microadenomas,8.480165481567383,False,84
2021,abordaje,secretor,8.471246719360352,False,85
2021,neurocirugia,microadenomas,8.468364715576172,False,86
2021,acth,hormonal,8.454068183898926,False,87
2021,hidrocefalia,prolactina,8.446425437927246,False,88
2021,macroadenomas,hipofisario,8.434516906738281,False,89
2021,cerebral,cushing,8.418062210083008,False,90
2021,reseccion,microadenomas,8.416820526123047,False,91
2021,neurocirugia,hormonal,8.412631034851074,False,92
2021,craneo,sintoma,8.392354965209961,False,93
2021,endoscopico,macroadenomas,8.385801315307617,False,94
2021,elevado,no secretor,8.383295059204102,False,95
2021,cerebral,agonista,8.382619857788086,False,96
2021,nivel,hipofisario,8.373129844665527,False,97
2021,reseccion,hormonal,8.349544525146484,False,98
2021,tratamiento,region,8.321523666381836,False,99
2021,total,nivel,8.311619758605957,False,100
2021,hidrocefalia,microadenomas,8.292013168334961,False,101
2021,elevado,tomografia,8.287163734436035,False,102
2021,total,hormonal,8.284882545471191,False,103
2021,reseccion,secretor,8.271437644958496,False,104
2021,crecimiento,neurocirugia,8.267864227294922,False,105
2021,craneo,macroadenomas,8.266437530517578,False,106
2021,hidrocefalia,abordaje,8.261059761047363,False,107
2021,endoscopico,productor,8.249876022338867,False,108
2021,reseccion,nivel,8.247304916381836,False,109
2021,endoscopico,microadenomas,8.243274688720703,False,110
2021,crecimiento,elevado,8.242679595947266,False,111
2021,craneo,no secretor,8.235448837280273,False,112
2021,acth,tomografia,8.23373031616211,False,113
2021,craneo,crecimiento,8.226472854614258,False,114
2021,sintoma,transeptoesfenoidal,8.215847969055176,False,115
2021,transeptoesfenoidal,microadenomas,8.193155288696289,False,116
2021,craneo,tomografia,8.192007064819336,False,117
2021,tratamiento,nivel,8.173762321472168,False,118
2021,adenomas,medico,8.17197322845459,False,119
2021,acth,trastorno,8.17014217376709,False,120
2021,neurocirugia,tomografia,8.158744812011719,False,121
2021,total,tomografia,8.148126602172852,False,122
2021,sintoma,abordaje,8.141191482543945,False,123
2021,neurocirugia,macroadenomas,8.135891914367676,False,124
2021,trastorno,elevado,8.131719589233398,False,125
2021,no secretor,urgencia,8.127479553222656,False,126
2021,tratamiento,selar,8.127187728881836,False,127
2021,tomografia,transeptoesfenoidal,8.127145767211914,False,128
2021,endoscopico,nivel,8.122108459472656,False,129
2021,endoscopico,hormonal,8.096785545349121,False,130
2021,sintoma,urgencia,8.088357925415039,False,131
2021,neurocirugia,trastorno,8.08762264251709,False,132
2021,total,no secretor,8.076517105102539,False,133
2021,trastorno,hipofisario,8.075587272644043,False,134
2021,hidrocefalia,secretor,8.07550048828125,False,135
2021,este,abordaje,8.072160720825195,False,136
2021,reseccion,macroadenomas,8.062224388122559,False,137
2021,craneo,hormonal,8.049080848693848,False,138
2021,medico,nivel,8.032770156860352,False,139
2021,abordaje,medico,8.031499862670898,False,140
2021,este,sintoma,8.030712127685547,False,141
2021,medico,tomografia,8.02962875366211,False,142
2021,hidrocefalia,nivel,8.026609420776367,False,143
2021,adenomas,urgencia,8.024420738220215,False,144
2021,cerebral,imagenologica,8.023390769958496,False,145
2021,acth,agonista,8.021738052368164,False,146
2021,endoscopico,tomografia,8.015876770019531,False,147
2021,acth,tejido,8.015539169311523,False,148
2021,cerebral,menstrual,7.997798919677734,False,149
2021,reseccion,trastorno,7.994333744049072,False,150
2021,nivel,transeptoesfenoidal,7.9921464920043945,False,151
2021,nivel,urgencia,7.991828441619873,False,152
2021,reseccion,no secretor,7.989688873291016,False,153
2021,cerebral,imagenologico,7.983651161193848,False,154
2021,neurocirugia,no secretor,7.983040809631348,False,155
2021,abordaje,urgencia,7.982402801513672,False,156
2021,region,acth,7.981104373931885,False,157
2021,tomografia,urgencia,7.974081993103027,False,158
2021,total,enfermedad,7.961431503295898,False,159
2021,region,prolactina,7.9571614265441895,False,160
2021,hidrocefalia,macroadenomas,7.9559550285339355,False,161
2021,neurocirugia,enfermedad,7.9493303298950195,False,162
2021,prolactina,otro,7.948814868927002,False,163
2021,cerebral,control,7.940456867218018,False,164
2021,total,productor,7.939196586608887,False,165
2021,medico,no secretor,7.931725025177002,False,166
2021,cerebral,productor,7.929457664489746,False,167
2021,enfermedad,hipofisario,7.920460224151611,False,168
2021,endoscopico,agonista,7.904024124145508,False,169
2021,cerebral,axial,7.900640487670898,False,170
2021,tratamiento,enfermedad,7.899418830871582,False,171
2021,tratamiento,tomografia,7.895380020141602,False,172
2021,total,agonista,7.895099639892578,False,173
2021,no secretor,transeptoesfenoidal,7.886297702789307,False,174
2021,craneo,trastorno,7.88340950012207,False,175
2021,endoscopico,no secretor,7.882749557495117,False,176
2021,neurocirugia,tejido,7.881105422973633,False,177
2021,macroadenomas,transeptoesfenoidal,7.8772172927856445,False,178
2021,total,trastorno,7.870125770568848,False,179
2021,hormonal,transeptoesfenoidal,7.85496187210083,False,180
2021,hidrocefalia,crecimiento,7.853896141052246,False,181
2021,medico,trastorno,7.844827651977539,False,182
2021,hormonal,urgencia,7.84234619140625,False,183
2021,crecimiento,transeptoesfenoidal,7.840721130371094,False,184
2021,agonista,elevado,7.8382649421691895,False,185
2021,hipofisario,cushing,7.837530136108398,False,186
2021,total,cushing,7.835428714752197,False,187
2021,cerebral,destruccion,7.832451343536377,False,188
2021,cerebral,dopaminergico,7.831422805786133,False,189
2021,cerebral,exeresis,7.830709457397461,True,190
2021,endonasal,tratamiento,7.82830286026001,False,191
2021,hipofisario,tejido,7.826613903045654,False,192
2021,region,total,7.816856861114502,False,193
2021,hidrocefalia,trastorno,7.803316116333008,False,194
2021,lesion,productor,7.793716907501221,False,195
2021,trastorno,transeptoesfenoidal,7.78931999206543,False,196
2021,cerebral,tuberculo,7.7646708488464355,False,197
2021,neurocirugia,cushing,7.75164794921875,False,198
2021,cerebral,estrategia,7.751469612121582,False,199
2021,endoscopico,enfermedad,7.74918270111084,False,200
2022,tratamiento,sintoma,13.451395988464355,False,1
2022,reseccion,sintoma,13.25782585144043,False,2
2022,este,sintoma,13.172179222106934,False,3
2022,endoscopico,sintoma,12.889477729797363,False,4
2022,tumoral,sintoma,12.547967910766602,False,5
2022,total,sintoma,12.39856243133545,False,6
2022,reseccion,prolactina,12.397019386291504,False,7
2022,sintoma,exeresis,12.39087200164795,False,8
2022,endoscopico,prolactina,12.323461532592773,False,9
2022,reseccion,neurocirugia,12.313093185424805,False,10
2022,tecnica,hormonal,12.208157539367676,False,11
2022,prolactina,enfermedad,12.197768211364746,False,12
2022,reseccion,hormonal,12.110306739807129,False,13
2022,sintoma,otro,12.03414535522461,False,14
2022,prolactina,tecnica,11.991246223449707,False,15
2022,tecnica,enfermedad,11.749762535095215,False,16
2022,sintoma,abordaje,11.746638298034668,False,17
2022,sintoma,control,11.730417251586914,False,18
2022,neurocirugia,enfermedad,11.72824478149414,False,19
2022,tecnica,neurocirugia,11.69306468963623,False,20
2022,tratamiento,enfermedad,11.606865882873535,False,21
2022,total,neurocirugia,11.599245071411133,False,22
2022,neurocirugia,hormonal,11.555654525756836,False,23
2022,endoscopico,hormonal,11.544256210327148,False,24
2022,este,hormonal,11.45741081237793,False,25
2022,tratamiento,tecnica,11.397303581237793,False,26
2022,total,enfermedad,11.371169090270996,False,27
2022,sintoma,metodo,11.289473533630371,False,28
2022,sintoma,productor,11.28770923614502,False,29
2022,total,hormonal,11.281307220458984,False,30
2022,adenoma,tecnica,11.279415130615234,False,31
2022,region,prolactina,11.264486312866211,False,32
2022,tecnica,exeresis,11.218786239624023,False,33
2022,reseccion,medico,11.18962287902832,False,34
2022,prolactina,otro,11.188678741455078,False,35
2022,total,tecnica,11.171772003173828,False,36
2022,endoscopico,enfermedad,11.153021812438965,False,37
2022,sintoma,tomografia,11.151681900024414,False,38
2022,este,enfermedad,11.140055656433105,False,39
2022,reseccion,nivel,11.041533470153809,False,40
2022,enfermedad,exeresis,11.040765762329102,False,41
2022,neurocirugia,exeresis,11.022644996643066,False,42
2022,endoscopico,tecnica,11.014169692993164,True,43
2022,sintoma,selar,10.983219146728516,False,44
2022,hormonal,exeresis,10.973047256469727,False,45
2022,cirugia,hormonal,10.957449913024902,False,46
2022,reseccion,evaluacion,10.915351867675781,True,47
2022,endoscopico,secretor,10.914322853088379,False,48
2022,prolactina,control,10.904004096984863,False,49
2022,sintoma,cerebral,10.84775161743164,False,50
2022,reseccion,secretor,10.826286315917969,False,51
2022,neurocirugia,medico,10.81440544128418,False,52
2022,sintoma,fistula,10.796831130981445,False,53
2022,tratamiento,region,10.784130096435547,False,54
2022,este,exeresis,10.769877433776855,True,55
2022,sintoma,agonista,10.769246101379395,False,56
2022,medico,enfermedad,10.707938194274902,False,57
2022,sintoma,silla,10.690428733825684,False,58
2022,este,evaluacion,10.685104370117188,False,59
2022,meningioma,sintoma,10.672869682312012,False,60
2022,sintoma,dopaminergico,10.639766693115234,False,61
2022,sintoma,diseccion,10.612358093261719,False,62
2022,prolactina,tomografia,10.612161636352539,False,63
2022,cerebral,prolactina,10.611952781677246,False,64
2022,tumoral,neurocirugia,10.6060209274292,False,65
2022,neurocirugia,evaluacion,10.597323417663574,False,66
2022,sintoma,microadenomas,10.510554313659668,False,67
2022,tecnica,control,10.507424354553223,False,68
2022,reseccion,elevado,10.489734649658203,False,69
2022,tecnica,medico,10.488347053527832,False,70
2022,endoscopico,exeresis,10.477777481079102,False,71
2022,total,nivel,10.471384048461914,False,72
2022,fistula,prolactina,10.464738845825195,False,73
2022,otro,tecnica,10.453009605407715,False,74
2022,cerebral,enfermedad,10.450017929077148,False,75
2022,neurocirugia,tomografia,10.439366340637207,False,76
2022,enfermedad,tomografia,10.433042526245117,False,77
2022,reseccion,microadenomas,10.423386573791504,False,78
2022,sintoma,acth,10.422645568847656,False,79
2022,hidrocefalia,neurocirugia,10.416470527648926,False,80
2022,reseccion,otro,10.397218704223633,False,81
2022,abordaje,hormonal,10.39606761932373,False,82
2022,cerebral,neurocirugia,10.388007164001465,False,83
2022,este,productor,10.3653564453125,False,84
2022,otro,hormonal,10.343424797058105,False,85
2022,tratamiento,nivel,10.335602760314941,False,86
2022,reseccion,fistula,10.333372116088867,False,87
2022,secretor,tecnica,10.322958946228027,False,88
2022,abordaje,enfermedad,10.320688247680664,False,89
2022,endoscopico,evaluacion,10.319907188415527,True,90
2022,tecnica,nivel,10.313230514526367,False,91
2022,total,tomografia,10.312516212463379,False,92
2022,sintoma,transcraneal,10.306523323059082,False,93
2022,reseccion,acth,10.299774169921875,False,94
2022,otro,enfermedad,10.296110153198242,False,95
2022,total,control,10.29480266571045,False,96
2022,adenoma,region,10.278119087219238,False,97
2022,abordaje,neurocirugia,10.26417350769043,False,98
2022,hidrocefalia,prolactina,10.26185417175293,False,99
2022,cerebral,hormonal,10.259420394897461,False,100
2022,tratamiento,tomografia,10.255448341369629,False,101
2022,este,abordaje,10.254725456237793,False,102
2022,tratamiento,selar,10.242603302001953,False,103
2022,hormonal,tomografia,10.234946250915527,False,104
2022,hidrocefalia,enfermedad,10.22734260559082,False,105
2022,reseccion,agonista,10.222536087036133,False,106
2022,region,enfermedad,10.215063095092773,False,107
2022,neurocirugia,microadenomas,10.214300155639648,False,108
2022,endoscopico,medico,10.206498146057129,False,109
2022,neurocirugia,diseccion,10.205974578857422,False,110
2022,otro,neurocirugia,10.200871467590332,False,111
2022,hidrocefalia,hormonal,10.198251724243164,False,112
2022,neurocirugia,elevado,10.197491645812988,False,113
2022,sintoma,urgencia,10.195514678955078,False,114
2022,otro,exeresis,10.189019203186035,False,115
2022,prolactina,diseccion,10.157585144042969,False,116
2022,crecimiento,neurocirugia,10.124187469482422,False,117
2022,region,neurocirugia,10.115618705749512,False,118
2022,prolactina,transcraneal,10.112093925476074,False,119
2022,meningioma,enfermedad,10.107458114624023,False,120
2022,endoscopico,control,10.102797508239746,False,121
2022,endoscopico,crecimiento,10.096732139587402,False,122
2022,endonasal,sintoma,10.095768928527832,False,123
2022,reseccion,dopaminergico,10.080733299255371,False,124
2022,endoscopico,productor,10.069314956665039,False,125
2022,macroadenoma,tecnica,10.065053939819336,False,126
2022,diseccion,enfermedad,10.064760208129883,False,127
2022,region,total,10.060009002685547,False,128
2022,cerebral,tomografia,10.054115295410156,False,129
2022,endoscopico,nivel,10.05405330657959,False,130
2022,sintoma,estrategia,10.045825004577637,False,131
2022,crecimiento,hormonal,10.039424896240234,False,132
2022,hidrocefalia,tecnica,10.004270553588867,False,133
2022,otro,evaluacion,9.994714736938477,False,134
2022,reseccion,macroadenoma,9.989949226379395,False,135
2022,sintoma,alto,9.98747730255127,False,136
2022,meningioma,tecnica,9.977335929870605,False,137
2022,fistula,enfermedad,9.968250274658203,False,138
2022,reseccion,urgencia,9.966217041015625,False,139
2022,acth,neurocirugia,9.95291519165039,False,140
2022,selar,enfermedad,9.952703475952148,False,141
2022,cerebral,medico,9.94599723815918,False,142
2022,endoscopico,tomografia,9.935368537902832,False,143
2022,neurocirugia,selar,9.928372383117676,False,144
2022,tratamiento,visual,9.925884246826172,False,145
2022,cerebral,tecnica,9.92488956451416,False,146
2022,macroadenoma,enfermedad,9.919347763061523,False,147
2022,reseccion,visual,9.917241096496582,True,148
2022,hormonal,productor,9.91008472442627,False,149
2022,reseccion,productor,9.909782409667969,False,150
2022,tratamiento,hidrocefalia,9.904714584350586,False,151
2022,control,exeresis,9.900495529174805,False,152
2022,fistula,neurocirugia,9.896910667419434,False,153
2022,total,agonista,9.892294883728027,False,154
2022,cerebral,nivel,9.884941101074219,False,155
2022,agonista,enfermedad,9.876214027404785,False,156
2022,enfermedad,microadenomas,9.851936340332031,False,157
2022,crecimiento,tecnica,9.851152420043945,False,158
2022,neurocirugia,agonista,9.849733352661133,False,159
2022,hormonal,diseccion,9.849434852600098,False,160
2022,hormonal,metodo,9.832328796386719,False,161
2022,endoscopico,selar,9.829503059387207,False,162
2022,craneo,sintoma,9.827009201049805,False,163
2022,medico,nivel,9.82275104522705,False,164
2022,endoscopico,macroadenoma,9.814085006713867,False,165
2022,abordaje,secretor,9.807968139648438,False,166
2022,total,craneo,9.807353973388672,False,167
2022,craneo,prolactina,9.793482780456543,False,168
2022,medico,tomografia,9.790108680725098,False,169
2022,tecnica,microadenomas,9.789312362670898,False,170
2022,quirurgico,secretor,9.78773307800293,False,171
2022,reseccion,hipofisario,9.785039901733398,False,172
2022,endoscopico,acth,9.77347469329834,False,173
2022,total,productor,9.771081924438477,False,174
2022,reseccion,sensibilidad,9.770180702209473,False,175
2022,tecnica,selar,9.767864227294922,False,176
2022,reseccion,silla,9.766546249389648,True,177
2022,endonasal,prolactina,9.760148048400879,False,178
2022,enfermedad,dopaminergico,9.754307746887207,False,179
2022,enfermedad,productor,9.754045486450195,False,180
2022,endoscopico,agonista,9.747633934020996,False,181
2022,prolactina,silla,9.742066383361816,False,182
2022,fistula,hormonal,9.733539581298828,False,183
2022,meningioma,hormonal,9.733426094055176,False,184
2022,region,exeresis,9.729971885681152,False,185
2022,neurocirugia,dopaminergico,9.726605415344238,False,186
2022,total,visual,9.721715927124023,False,187
2022,nivel,exeresis,9.720002174377441,False,188
2022,reseccion,estrategia,9.716456413269043,False,189
2022,fistula,tecnica,9.71392822265625,False,190
2022,tecnica,silla,9.713102340698242,False,191
2022,sintoma,morbilidad,9.709098815917969,False,192
2022,hormonal,agonista,9.70431900024414,False,193
2022,abordaje,exeresis,9.701216697692871,False,194
2022,sintoma,endonasal endoscopico,9.693038940429688,False,195
2022,control,evaluacion,9.690803527832031,False,196
2022,tecnica,elevado,9.690618515014648,False,197
2022,neurocirugia,urgencia,9.681909561157227,False,198
2022,total,dopaminergico,9.673095703125,False,199
2022,sintoma,defecto,9.660323143005371,False,200
2023,lesion,adenoma hipofisario,40.24836730957031,False,1
2023,lesion,productor,27.196104049682617,False,2
2023,tratamiento,craneofaringiomas,24.732500076293945,False,3
2023,endoscopico,prolactina,23.440114974975586,False,4
2023,prolactina,otro,23.439014434814453,False,5
2023,endoscopico,secretor,23.21292495727539,False,6
2023,tratamiento,morbilidad,22.49608612060547,False,7
2023,tratamiento,region,22.245845794677734,False,8
2023,quirurgico,secretor,21.88903045654297,False,9
2023,prolactina,morbilidad,21.726680755615234,False,10
2023,tratamiento,transcraneal,21.710548400878906,False,11
2023,este,productor,21.59438705444336,False,12
2023,craneofaringiomas,adenoma hipofisario,21.534709930419922,True,13
2023,secretor,morbilidad,21.483200073242188,False,14
2023,tratamiento,sintoma,21.277164459228516,False,15
2023,region,prolactina,21.255380630493164,False,16
2023,secretor,metodo,21.107051849365234,False,17
2023,prolactina,transcraneal,21.10444450378418,False,18
2023,otro,adenoma hipofisario,21.059226989746094,False,19
2023,endoscopico,productor,20.945682525634766,False,20
2023,total,productor,20.945083618164062,False,21
2023,tumoral,productor,20.940561294555664,False,22
2023,craneofaringiomas,transesfenoidal,20.916179656982422,False,23
2023,otro,productor,20.896831512451172,False,24
2023,tratamiento,visual,20.759517669677734,False,25
2023,tumor,productor,20.476839065551758,False,26
2023,abordaje,secretor,20.460824966430664,False,27
2023,morbilidad,adenoma hipofisario,20.42748260498047,False,28
2023,adenoma,adenoma hipofisario,20.413488388061523,False,29
2023,tratamiento,selar,20.360288619995117,False,30
2023,este,craneofaringiomas,20.337013244628906,False,31
2023,tumoral,adenoma hipofisario,20.279251098632812,False,32
2023,craneo,prolactina,20.211702346801758,False,33
2023,macroadenoma,adenoma hipofisario,20.06667709350586,False,34
2023,cirugia,selar,20.020320892333984,False,35
2023,secretor,visual,19.975433349609375,False,36
2023,endoscopico,acth,19.901927947998047,False,37
2023,otro,acth,19.876949310302734,False,38
2023,endoscopico,crecimiento,19.840023040771484,False,39
2023,adenoma hipofisario,transcraneal,19.779258728027344,False,40
2023,prolactina,endonasal endoscopico,19.765405654907227,False,41
2023,crecimiento,adenoma hipofisario,19.7271671295166,False,42
2023,otro,morbilidad,19.59595489501953,True,43
2023,secretor,endonasal endoscopico,19.551189422607422,False,44
2023,tratamiento,hidrocefalia,19.416379928588867,False,45
2023,neurocirugia,productor,19.39870834350586,False,46
2023,endonasal endoscopico,adenoma hipofisario,19.346542358398438,False,47
2023,endoscopico,macroadenoma,19.315364837646484,False,48
2023,reseccion,prolactina,19.253829956054688,False,49
2023,total,adenoma hipofisario,19.14212417602539,False,50
2023,acth,adenoma hipofisario,19.126766204833984,False,51
2023,reseccion,secretor,19.11971092224121,False,52
2023,tratamiento,enfermedad,19.105669021606445,False,53
2023,total,neurocirugia,19.040653228759766,False,54
2023,productor,transcraneal,19.003095626831055,False,55
2023,transesfenoidal,endonasal endoscopico,18.97430419921875,False,56
2023,craneofaringiomas,macroadenoma,18.943523406982422,True,57
2023,region,productor,18.94032096862793,False,58
2023,hidrocefalia,prolactina,18.890026092529297,False,59
2023,tratamiento,cefalorraquideo,18.793914794921875,False,60
2023,tumoral,neurocirugia,18.755882263183594,False,61
2023,hidrocefalia,secretor,18.701566696166992,False,62
2023,complicacion,adenoma hipofisario,18.662981033325195,False,63
2023,region,total,18.650339126586914,False,64
2023,tratamiento,abordaj,18.64637565612793,False,65
2023,acth,neurocirugia,18.64236068725586,False,66
2023,crecimiento,neurocirugia,18.62843132019043,False,67
2023,otro,neurocirugia,18.557353973388672,False,68
2023,cirugia,defecto,18.556116104125977,False,69
2023,endoscopico,morbilidad,18.5440616607666,True,70
2023,total,morbilidad,18.519594192504883,False,71
2023,otro,transcraneal,18.516916275024414,False,72
2023,visual,adenoma hipofisario,18.470901489257812,False,73
2023,tratamiento,liquido,18.4630069732666,False,74
2023,este,sintoma,18.446319580078125,False,75
2023,quirurgico,morbilidad,18.419198989868164,False,76
2023,macroadenoma,morbilidad,18.407697677612305,False,77
2023,tumoral,transcraneal,18.401409149169922,False,78
2023,otro,metodo,18.374008178710938,False,79
2023,tumoral,metodo,18.259052276611328,True,80
2023,este,abordaje,18.243938446044922,False,81
2023,tumoral,sintoma,18.223176956176758,False,82
2023,prolactina,abordaj,18.19905662536621,False,83
2023,region,crecimiento,18.18964385986328,False,84
2023,prolactina,enfermedad,18.17292594909668,False,85
2023,cirugia,todo,18.169815063476562,False,86
2023,endonasal,tratamiento,18.158893585205078,False,87
2023,visual,productor,18.150346755981445,False,88
2023,region,acth,18.13661766052246,False,89
2023,craneofaringiomas,metodo,18.105913162231445,False,90
2023,tratamiento,tecnica,18.099044799804688,False,91
2023,region,craneofaringiomas,18.088279724121094,False,92
2023,sintoma,otro,18.0791015625,False,93
2023,quirurgico,crecimiento,18.07305145263672,False,94
2023,total,metodo,18.056074142456055,False,95
2023,quirurgico,craneofaringiomas,18.042682647705078,False,96
2023,complicacion,secretor,18.04247283935547,False,97
2023,secretor,abordaj,18.026025772094727,False,98
2023,total,craneo,17.93744468688965,False,99
2023,craneo,productor,17.922761917114258,False,100
2023,tumoral,abordaje,17.9139347076416,False,101
2023,prolactina,cefalorraquideo,17.91331672668457,False,102
2023,tratamiento,nivel,17.906036376953125,False,103
2023,sintoma,productor,17.892309188842773,False,104
2023,endonasal,prolactina,17.87535285949707,False,105
2023,abordaje,otro,17.866701126098633,False,106
2023,region,adenoma hipofisario,17.857532501220703,False,107
2023,total,transcraneal,17.840187072753906,False,108
2023,endoscopico,transcraneal,17.838382720947266,False,109
2023,total,sintoma,17.82052993774414,False,110
2023,secretor,cefalorraquideo,17.816120147705078,False,111
2023,crecimiento,metodo,17.748571395874023,False,112
2023,quirurgico,acth,17.732524871826172,False,113
2023,endonasal endoscopico,productor,17.71543312072754,False,114
2023,tratamiento,cushing,17.70108985900879,False,115
2023,endonasal,secretor,17.69890785217285,False,116
2023,este,visual,17.696372985839844,False,117
2023,endoscopico,sintoma,17.684391021728516,False,118
2023,acth,metodo,17.64692497253418,False,119
2023,craneofaringiomas,transcraneal,17.643863677978516,False,120
2023,adenomas,adenoma hipofisario,17.575891494750977,False,121
2023,prolactina,liquido,17.56545639038086,False,122
2023,tratamiento,comportamiento,17.55514907836914,False,123
2023,quirurgico,transcraneal,17.513349533081055,False,124
2023,macroadenoma,transcraneal,17.509153366088867,False,125
2023,otro,visual,17.507932662963867,False,126
2023,abordaje,acth,17.48423957824707,False,127
2023,selar,productor,17.48225212097168,False,128
2023,secretor,liquido,17.473102569580078,False,129
2023,abordaje,adenoma hipofisario,17.465129852294922,False,130
2023,acth,transcraneal,17.4393367767334,False,131
2023,tumoral,visual,17.43024253845215,True,132
2023,macroadenoma,metodo,17.41200065612793,False,133
2023,cirugia,hormonal,17.408538818359375,False,134
2023,prolactina,defecto,17.384305953979492,False,135
2023,sintoma,acth,17.359800338745117,False,136
2023,total,visual,17.298490524291992,False,137
2023,fistula,prolactina,17.285320281982422,False,138
2023,cirugia,agonista,17.25971221923828,False,139
2023,region,morbilidad,17.25247573852539,False,140
2023,lesion,defecto,17.233112335205078,False,141
2023,endoscopico,visual,17.230201721191406,False,142
2023,este,exeresis,17.20317268371582,False,143
2023,craneo,crecimiento,17.196414947509766,False,144
2023,fistula,secretor,17.179197311401367,False,145
2023,prolactina,cushing,17.166908264160156,False,146
2023,secretor,defecto,17.163230895996094,False,147
2023,neurocirugia,adenoma hipofisario,17.15725326538086,False,148
2023,tratamiento,todo,17.129953384399414,False,149
2023,elevado,productor,17.10200309753418,False,150
2023,region,neurocirugia,17.0900821685791,False,151
2023,tumor,metodo,17.069705963134766,True,152
2023,prolactina,tecnica,17.046079635620117,False,153
2023,adenoma,region,17.043046951293945,False,154
2023,craneofaringiomas,visual,17.03554344177246,False,155
2023,endoscopico,selar,17.027111053466797,False,156
2023,otro,exeresis,17.013635635375977,False,157
2023,secretor,nivel,16.98916244506836,False,158
2023,adenoma hipofisario,abordaj,16.982410430908203,False,159
2023,prolactina,previo,16.981603622436523,False,160
2023,abordaje,macroadenoma,16.95921516418457,False,161
2023,morbilidad,transcraneal,16.944278717041016,False,162
2023,prolactina,comportamiento,16.9424991607666,False,163
2023,secretor,tecnica,16.92333221435547,False,164
2023,reseccion,productor,16.917051315307617,False,165
2023,cirugia,dopaminergico,16.867965698242188,False,166
2023,tratamiento,dano,16.863582611083984,False,167
2023,hidrocefalia,productor,16.858400344848633,False,168
2023,reseccion,acth,16.843717575073242,False,169
2023,morbilidad,metodo,16.830324172973633,False,170
2023,crecimiento,visual,16.822174072265625,False,171
2023,secretor,comportamiento,16.80695152282715,False,172
2023,visual,acth,16.79096221923828,False,173
2023,prolactina,todo,16.78006935119629,False,174
2023,neurocirugia,metodo,16.756546020507812,False,175
2023,crecimiento,selar,16.731868743896484,False,176
2023,reseccion,otro,16.71969985961914,False,177
2023,abordaje,neurocirugia,16.653846740722656,False,178
2023,craneofaringiomas,elevado,16.642078399658203,True,179
2023,adenomas,quirurgico,16.578079223632812,False,180
2023,selar,adenoma hipofisario,16.569883346557617,False,181
2023,este,evaluacion,16.563753128051758,False,182
2023,secretor,todo,16.558116912841797,False,183
2023,macroadenoma,selar,16.556211471557617,False,184
2023,tratamiento,"endonasal 
  endoscopico",16.555498123168945,False,185
2023,region,metodo,16.52162742614746,False,186
2023,macroadenomas,productor,16.520404815673828,False,187
2023,endoscopico,elevado,16.506296157836914,True,188
2023,region,transcraneal,16.494142532348633,False,189
2023,crecimiento,elevado,16.48874855041504,False,190
2023,adenomas,morbilidad,16.466489791870117,False,191
2023,este,hormonal,16.44878387451172,False,192
2023,hidrocefalia,craneofaringiomas,16.41867446899414,False,193
2023,tratamiento,axial,16.41281509399414,False,194
2023,endoscopico,exeresis,16.401779174804688,False,195
2023,otro,evaluacion,16.397506713867188,False,196
2023,este,enfermedad,16.380382537841797,False,197
2023,secretor,microquirurgico,16.375381469726562,False,198
2023,neurocirugia,transcraneal,16.33305549621582,False,199
2023,reseccion,neurocirugia,16.323976516723633,False,200
